id,placa,fecha_registro,estado_ANT,ubicacion_camara,peaje_ciudad
1,AJF-7840,2024-10-12 15:02:12,Habilitada,Guayaquil,Peaje Chivería
2,USX-7340,2021-04-14 08:53:50,Habilitada,Guayaquil,Peaje Yaguachi
3,JPP-4786,2025-02-08 20:28:29,Habilitada,Quito,Peaje Rumiñahui
4,UQM-6701,2020-02-22 13:26:34,Habilitada,Ambato,Peaje San Andrés
5,ATC-9560,2021-02-15 11:52:45,Habilitada,Manta,Peaje Manta-Rocafuerte
6,JIQ-7498,2021-05-18 00:57:38,Habilitada,Guayaquil,Peaje Chivería
7,HQW-7774,2020-10-07 02:14:41,Habilitada,Ambato,Peaje San Andrés
8,TZW-4567,2021-01-05 05:43:59,Habilitada,Manta,Peaje Manta-Rocafuerte
9,PEY-0418,2020-12-21 21:30:32,Habilitada,Machala,Peaje El Garrido
10,XQF-8103,2023-10-24 06:00:59,Habilitada,Cuenca,Peaje Chaquilcay
11,JGG-2950,2020-05-21 07:31:13,Habilitada,Cuenca,Peaje Chaquilcay
12,IME-0632,2020-01-18 22:43:59,Habilitada,Machala,Peaje El Garrido
13,TNX-4688,2024-11-06 14:42:46,Habilitada,Ambato,Peaje San Andrés
14,XQF-8103,2020-05-24 13:39:29,Bloqueada,Guayaquil,Peaje Yaguachi
15,BBN-2879,2023-10-07 12:06:45,Habilitada,Ambato,Peaje San Andrés
16,IVL-7701,2022-07-04 12:50:55,Habilitada,Manta,Peaje Manta-Rocafuerte
17,PLL-1341,2022-08-25 08:11:21,Habilitada,Riobamba,Peaje San Juan
18,PQD-4734,2022-12-04 18:03:07,Habilitada,Santo Domingo,Peaje Santo Domingo
19,LUV-1381,2023-12-01 05:50:37,Habilitada,Riobamba,Peaje San Juan
20,GTZ-5694,2021-07-23 15:47:16,Habilitada,Ambato,Peaje San Andrés
21,EXD-4775,2023-09-13 04:37:31,Habilitada,Machala,Peaje El Garrido
22,BFU-6695,2021-01-27 03:43:57,Habilitada,Machala,Peaje El Garrido
23,BNC-7257,2025-02-07 09:45:01,Habilitada,Riobamba,Peaje San Juan
24,XOO-4285,2024-01-28 15:27:41,Habilitada,Riobamba,Peaje San Juan
25,GYI-5228,2024-04-08 04:13:10,Habilitada,Riobamba,Peaje San Juan
26,JWU-8188,2020-08-15 08:22:50,Habilitada,Cuenca,Peaje Chaquilcay
27,GHD-9363,2022-04-17 01:40:55,Habilitada,Quito,Peaje Rumiñahui
28,XGT-6910,2022-04-20 08:32:45,Habilitada,Ambato,Peaje San Andrés
29,JWU-8188,2021-08-14 12:13:10,Habilitada,Riobamba,Peaje San Juan
30,EXO-2784,2021-02-20 02:48:06,Suspendida,Quito,Peaje Oyacoto
31,HTT-5345,2020-06-06 18:20:36,Habilitada,Cuenca,Peaje Chaquilcay
32,IMM-8185,2020-02-02 07:37:35,Habilitada,Quito,Peaje Rumiñahui
33,LFN-4475,2021-10-07 19:33:48,Habilitada,Manta,Peaje Manta-Rocafuerte
34,PDA-4196,2022-11-03 12:03:13,Habilitada,Ambato,Peaje San Andrés
35,EQL-8874,2022-02-03 18:20:02,Habilitada,Quito,Peaje Oyacoto
36,TYZ-8062,2021-01-10 03:37:25,Habilitada,Quito,Peaje Rumiñahui
37,GSO-4042,2024-12-29 03:57:06,Habilitada,Cuenca,Peaje Chaquilcay
38,CSN-5477,2020-06-08 12:49:03,Habilitada,Guayaquil,Peaje Chivería
39,TYX-9050,2025-11-28 18:42:21,Habilitada,Ambato,Peaje San Andrés
40,LIU-4206,2021-11-19 10:09:26,Habilitada,Quito,Peaje Oyacoto
41,BHV-7684,2023-09-30 20:30:29,Habilitada,Santo Domingo,Peaje Santo Domingo
42,LRL-8441,2023-04-01 08:22:13,Habilitada,Quito,Peaje Rumiñahui
43,AZM-4605,2021-12-01 12:12:27,Bloqueada,Machala,Peaje El Garrido
44,UIL-3811,2022-09-01 23:18:17,Habilitada,Cuenca,Peaje Chaquilcay
45,LSB-8366,2020-04-09 07:08:19,Habilitada,Cuenca,Peaje Chaquilcay
46,CHU-8015,2025-07-28 11:32:53,Bloqueada,Riobamba,Peaje San Juan
47,TAX-2278,2022-12-25 23:42:52,Habilitada,Riobamba,Peaje San Juan
48,TGE-8533,2021-10-05 20:17:58,Habilitada,Riobamba,Peaje San Juan
49,JAB-8573,2022-03-17 04:58:30,Habilitada,Guayaquil,Peaje Yaguachi
50,TIF-9646,2022-03-06 15:35:32,Suspendida,Quito,Peaje Rumiñahui
51,UEY-1184,2025-02-26 00:10:12,Habilitada,Guayaquil,Peaje Yaguachi
52,MAJ-2786,2022-03-20 17:55:20,Habilitada,Guayaquil,Peaje Chivería
53,THC-2962,2020-06-29 15:24:02,Bloqueada,Guayaquil,Peaje Yaguachi
54,XUW-0926,2022-03-27 09:43:33,Habilitada,Guayaquil,Peaje Yaguachi
55,PZN-0587,2021-06-03 15:41:15,Habilitada,Ambato,Peaje San Andrés
56,TZG-7258,2024-03-10 03:29:22,Habilitada,Guayaquil,Peaje Chivería
57,GIW-6499,2023-10-31 20:36:09,Habilitada,Guayaquil,Peaje Yaguachi
58,PKG-9107,2020-03-09 05:59:36,Habilitada,Guayaquil,Peaje Yaguachi
59,TQP-9417,2024-11-16 23:43:57,Habilitada,Guayaquil,Peaje Yaguachi
60,JPP-4786,2022-10-22 12:00:32,Habilitada,Ambato,Peaje San Andrés
61,EBL-1054,2021-04-23 02:39:18,Habilitada,Ambato,Peaje San Andrés
62,ABU-1937,2025-05-25 16:03:03,Habilitada,Machala,Peaje El Garrido
63,IQX-7725,2024-11-13 18:42:14,Habilitada,Ambato,Peaje San Andrés
64,EQL-8874,2022-08-07 14:15:24,Habilitada,Santo Domingo,Peaje Santo Domingo
65,ART-5104,2020-12-16 02:27:59,Habilitada,Ambato,Peaje San Andrés
66,XWQ-0633,2022-02-17 15:05:38,Habilitada,Santo Domingo,Peaje Santo Domingo
67,LBZ-8724,2021-01-20 13:37:36,Habilitada,Machala,Peaje El Garrido
68,CBZ-9145,2025-01-04 12:17:18,Habilitada,Quito,Peaje Oyacoto
69,AZK-7761,2020-06-14 16:14:14,Habilitada,Ambato,Peaje San Andrés
70,JAK-7897,2024-07-21 05:03:49,Habilitada,Guayaquil,Peaje Chivería
71,BEM-9735,2024-04-22 00:22:06,Habilitada,Santo Domingo,Peaje Santo Domingo
72,TGC-7010,2021-06-30 23:34:31,Habilitada,Riobamba,Peaje San Juan
73,PLL-1341,2021-02-24 07:00:41,Habilitada,Manta,Peaje Manta-Rocafuerte
74,XDX-6683,2022-04-16 08:12:54,Habilitada,Guayaquil,Peaje Yaguachi
75,XAB-7414,2020-04-22 12:45:56,Habilitada,Guayaquil,Peaje Yaguachi
76,LMY-0181,2020-12-21 17:56:17,Habilitada,Ambato,Peaje San Andrés
77,THP-8297,2020-04-24 00:11:47,Habilitada,Ambato,Peaje San Andrés
78,TGW-3895,2021-11-30 07:41:56,Habilitada,Manta,Peaje Manta-Rocafuerte
79,BXF-7695,2024-05-24 03:01:15,Habilitada,Quito,Peaje Oyacoto
80,IEQ-0468,2024-12-13 09:58:01,Habilitada,Guayaquil,Peaje Yaguachi
81,XZD-9856,2023-11-19 14:03:56,Habilitada,Santo Domingo,Peaje Santo Domingo
82,BCH-7176,2024-01-04 08:07:12,Habilitada,Cuenca,Peaje Chaquilcay
83,CCC-5907,2023-10-24 01:34:14,Habilitada,Guayaquil,Peaje Chivería
84,IPL-6227,2025-05-07 11:08:06,Habilitada,Quito,Peaje Rumiñahui
85,UTN-3564,2021-03-10 16:03:08,Habilitada,Quito,Peaje Rumiñahui
86,UYF-3936,2020-04-20 14:26:41,Habilitada,Quito,Peaje Rumiñahui
87,HYM-0723,2024-06-14 03:07:19,Bloqueada,Machala,Peaje El Garrido
88,HNQ-4425,2022-02-15 13:44:36,Habilitada,Ambato,Peaje San Andrés
89,GQO-7892,2020-01-27 12:41:58,Suspendida,Quito,Peaje Oyacoto
90,JOX-4613,2022-10-24 03:06:38,Habilitada,Riobamba,Peaje San Juan
91,BFU-6695,2023-06-05 21:12:29,Habilitada,Riobamba,Peaje San Juan
92,LBZ-8724,2023-10-25 18:45:38,Habilitada,Machala,Peaje El Garrido
93,LOT-6465,2020-06-07 16:28:37,Habilitada,Guayaquil,Peaje Yaguachi
94,BBN-2879,2025-10-09 10:02:30,Habilitada,Guayaquil,Peaje Chivería
95,USL-6361,2022-09-20 19:16:30,Habilitada,Guayaquil,Peaje Yaguachi
96,ULM-4925,2023-01-04 00:21:06,Bloqueada,Guayaquil,Peaje Chivería
97,IRT-7924,2021-11-30 10:17:53,Habilitada,Cuenca,Peaje Chaquilcay
98,TGM-2865,2021-04-06 20:10:08,Habilitada,Santo Domingo,Peaje Santo Domingo
99,GSJ-3780,2024-02-13 19:43:34,Habilitada,Cuenca,Peaje Chaquilcay
100,JPL-1074,2025-05-30 13:28:00,Habilitada,Guayaquil,Peaje Yaguachi
101,CJJ-7630,2021-06-27 05:53:28,Habilitada,Guayaquil,Peaje Chivería
102,LNR-0058,2021-01-30 01:28:29,Habilitada,Ambato,Peaje San Andrés
103,TNX-4688,2020-11-07 05:17:57,Habilitada,Manta,Peaje Manta-Rocafuerte
104,JQP-9057,2025-07-09 01:49:57,Habilitada,Machala,Peaje El Garrido
105,TNX-4688,2022-12-12 03:50:00,Habilitada,Quito,Peaje Rumiñahui
106,TGM-2865,2020-09-27 18:29:04,Habilitada,Quito,Peaje Oyacoto
107,BUL-4236,2023-06-05 12:09:18,Habilitada,Santo Domingo,Peaje Santo Domingo
108,LNR-0058,2025-05-28 10:15:05,Habilitada,Cuenca,Peaje Chaquilcay
109,CBB-1575,2022-03-24 05:40:18,Habilitada,Riobamba,Peaje San Juan
110,ENC-6086,2025-04-01 01:21:48,Habilitada,Machala,Peaje El Garrido
111,LCV-7264,2024-10-04 11:20:16,Habilitada,Machala,Peaje El Garrido
112,GCS-8764,2022-03-19 23:22:31,Habilitada,Guayaquil,Peaje Chivería
113,GPG-3628,2021-07-02 21:38:15,Habilitada,Riobamba,Peaje San Juan
114,IKA-1321,2022-03-04 11:47:42,Habilitada,Quito,Peaje Rumiñahui
115,PSJ-5635,2020-08-13 16:32:59,Habilitada,Manta,Peaje Manta-Rocafuerte
116,TZX-9879,2021-04-04 07:21:59,Habilitada,Ambato,Peaje San Andrés
117,PRF-3642,2020-10-13 21:31:52,Habilitada,Machala,Peaje El Garrido
118,CPJ-0705,2025-03-12 20:29:53,Habilitada,Machala,Peaje El Garrido
119,HQQ-6709,2023-07-22 17:37:12,Habilitada,Guayaquil,Peaje Yaguachi
120,IJD-7540,2023-02-28 14:29:24,Suspendida,Guayaquil,Peaje Yaguachi
121,BBN-2879,2024-07-24 06:44:37,Habilitada,Riobamba,Peaje San Juan
122,HAR-0424,2021-10-11 17:40:24,Habilitada,Quito,Peaje Rumiñahui
123,MOL-7375,2024-04-24 09:26:02,Habilitada,Riobamba,Peaje San Juan
124,JSM-7403,2023-01-27 12:13:32,Habilitada,Quito,Peaje Oyacoto
125,JRX-6204,2021-06-10 19:41:08,Suspendida,Santo Domingo,Peaje Santo Domingo
126,JIQ-7498,2021-09-27 16:09:50,Bloqueada,Riobamba,Peaje San Juan
127,PLX-2356,2024-04-27 14:06:24,Habilitada,Cuenca,Peaje Chaquilcay
128,ASQ-3306,2022-10-22 08:27:47,Habilitada,Santo Domingo,Peaje Santo Domingo
129,MXY-2018,2020-09-03 03:11:41,Habilitada,Riobamba,Peaje San Juan
130,XDO-4185,2023-01-03 22:39:10,Habilitada,Quito,Peaje Oyacoto
131,JYB-3078,2023-08-08 05:47:59,Habilitada,Riobamba,Peaje San Juan
132,HTY-5322,2025-09-28 00:17:13,Habilitada,Machala,Peaje El Garrido
133,PZN-0587,2023-10-08 22:01:47,Habilitada,Manta,Peaje Manta-Rocafuerte
134,CBB-1575,2024-08-05 11:37:43,Habilitada,Ambato,Peaje San Andrés
135,LFN-4475,2021-12-19 18:53:45,Habilitada,Quito,Peaje Oyacoto
136,EPH-2269,2022-09-18 04:19:50,Habilitada,Quito,Peaje Rumiñahui
137,XYH-1560,2025-01-08 07:30:23,Habilitada,Santo Domingo,Peaje Santo Domingo
138,JOX-4613,2024-09-20 13:38:21,Habilitada,Quito,Peaje Oyacoto
139,AYN-1038,2022-05-21 08:50:25,Habilitada,Manta,Peaje Manta-Rocafuerte
140,USX-7340,2021-03-17 06:37:39,Habilitada,Santo Domingo,Peaje Santo Domingo
141,PDJ-9111,2022-05-21 22:59:34,Habilitada,Cuenca,Peaje Chaquilcay
142,LRL-8441,2024-07-24 08:03:46,Habilitada,Guayaquil,Peaje Yaguachi
143,HQW-7774,2021-05-29 17:27:19,Habilitada,Santo Domingo,Peaje Santo Domingo
144,ASG-0822,2023-06-22 13:51:26,Habilitada,Quito,Peaje Rumiñahui
145,MIH-8057,2021-01-07 22:54:21,Habilitada,Guayaquil,Peaje Chivería
146,TAX-2278,2021-10-06 14:29:31,Habilitada,Manta,Peaje Manta-Rocafuerte
147,GFB-6723,2022-03-23 14:30:38,Suspendida,Guayaquil,Peaje Yaguachi
148,JUT-3499,2022-02-01 19:35:31,Habilitada,Manta,Peaje Manta-Rocafuerte
149,CJH-0369,2023-09-26 18:54:03,Habilitada,Guayaquil,Peaje Yaguachi
150,JAK-7897,2023-10-25 20:28:58,Bloqueada,Ambato,Peaje San Andrés
151,THC-2962,2020-11-21 16:48:09,Habilitada,Riobamba,Peaje San Juan
152,PZS-2937,2021-08-20 19:17:55,Habilitada,Cuenca,Peaje Chaquilcay
153,EQY-1643,2021-04-13 21:22:16,Habilitada,Santo Domingo,Peaje Santo Domingo
154,HOB-6331,2025-05-13 10:51:10,Habilitada,Cuenca,Peaje Chaquilcay
155,LYL-6086,2024-07-02 17:21:11,Habilitada,Riobamba,Peaje San Juan
156,XOO-4285,2022-08-26 22:55:28,Habilitada,Guayaquil,Peaje Yaguachi
157,HEL-4842,2025-07-14 10:22:04,Suspendida,Manta,Peaje Manta-Rocafuerte
158,PDJ-9111,2020-03-12 05:35:59,Habilitada,Quito,Peaje Oyacoto
159,XDB-0508,2025-01-15 00:42:33,Habilitada,Guayaquil,Peaje Chivería
160,GXP-4318,2022-04-06 07:28:51,Habilitada,Guayaquil,Peaje Chivería
161,LHW-3858,2024-12-24 23:05:30,Habilitada,Manta,Peaje Manta-Rocafuerte
162,EPX-5897,2023-12-05 00:20:58,Habilitada,Riobamba,Peaje San Juan
163,EPX-5897,2020-02-11 04:00:18,Habilitada,Machala,Peaje El Garrido
164,GQO-7892,2024-11-13 03:53:04,Habilitada,Guayaquil,Peaje Yaguachi
165,JSM-7403,2020-04-15 08:40:58,Habilitada,Guayaquil,Peaje Chivería
166,MNF-7669,2025-08-08 05:29:04,Habilitada,Manta,Peaje Manta-Rocafuerte
167,TCX-0876,2022-08-02 01:13:08,Habilitada,Ambato,Peaje San Andrés
168,BOP-2309,2020-04-09 01:34:50,Habilitada,Machala,Peaje El Garrido
169,BNC-7257,2024-04-29 17:46:07,Suspendida,Santo Domingo,Peaje Santo Domingo
170,ACL-1630,2025-09-19 18:34:04,Habilitada,Riobamba,Peaje San Juan
171,PEE-0278,2022-07-19 22:29:52,Habilitada,Quito,Peaje Rumiñahui
172,PNT-3226,2021-03-07 20:47:21,Habilitada,Guayaquil,Peaje Yaguachi
173,AWU-7681,2025-01-07 23:22:54,Habilitada,Santo Domingo,Peaje Santo Domingo
174,JQP-9057,2023-08-10 09:55:45,Habilitada,Cuenca,Peaje Chaquilcay
175,XOP-6230,2023-12-05 11:38:28,Habilitada,Guayaquil,Peaje Chivería
176,JDB-6396,2024-08-04 01:12:39,Habilitada,Cuenca,Peaje Chaquilcay
177,EAT-0320,2020-03-28 01:26:22,Habilitada,Ambato,Peaje San Andrés
178,XOM-5573,2020-06-24 20:26:47,Habilitada,Manta,Peaje Manta-Rocafuerte
179,MLK-3219,2022-10-03 15:30:04,Habilitada,Santo Domingo,Peaje Santo Domingo
180,PQD-4734,2021-06-01 03:22:00,Habilitada,Quito,Peaje Rumiñahui
181,TAX-2278,2025-08-13 20:41:32,Habilitada,Ambato,Peaje San Andrés
182,TGN-2287,2020-05-17 10:37:10,Habilitada,Guayaquil,Peaje Yaguachi
183,GET-5094,2025-09-04 19:49:48,Habilitada,Guayaquil,Peaje Yaguachi
184,UBK-1492,2023-07-20 14:14:51,Habilitada,Cuenca,Peaje Chaquilcay
185,EQL-8874,2025-01-22 01:09:10,Habilitada,Santo Domingo,Peaje Santo Domingo
186,IYA-7482,2020-05-03 11:51:34,Suspendida,Santo Domingo,Peaje Santo Domingo
187,ACJ-0365,2025-10-10 22:04:26,Habilitada,Quito,Peaje Oyacoto
188,MKC-9496,2025-06-29 15:48:30,Habilitada,Santo Domingo,Peaje Santo Domingo
189,EIG-8588,2024-01-18 15:03:33,Habilitada,Santo Domingo,Peaje Santo Domingo
190,HSL-6384,2025-12-11 16:08:50,Habilitada,Quito,Peaje Oyacoto
191,BKA-8082,2021-06-04 20:30:17,Habilitada,Guayaquil,Peaje Yaguachi
192,XHK-7436,2023-11-05 01:25:39,Habilitada,Manta,Peaje Manta-Rocafuerte
193,HJQ-8245,2024-07-06 09:03:45,Habilitada,Quito,Peaje Oyacoto
194,JSN-9604,2024-11-04 22:48:41,Habilitada,Riobamba,Peaje San Juan
195,XAB-7414,2022-08-28 21:12:48,Habilitada,Quito,Peaje Oyacoto
196,PYX-8485,2020-10-16 12:05:22,Habilitada,Guayaquil,Peaje Yaguachi
197,IED-8177,2022-09-30 21:49:46,Habilitada,Manta,Peaje Manta-Rocafuerte
198,GPG-3628,2025-01-17 21:22:18,Habilitada,Guayaquil,Peaje Yaguachi
199,JMR-4503,2025-06-07 15:54:17,Habilitada,Machala,Peaje El Garrido
200,ADH-7409,2024-01-29 02:55:13,Habilitada,Santo Domingo,Peaje Santo Domingo
201,XVO-1160,2022-01-28 17:03:53,Habilitada,Santo Domingo,Peaje Santo Domingo
202,GCK-7884,2022-09-05 06:43:18,Habilitada,Machala,Peaje El Garrido
203,BBR-4575,2025-03-23 07:21:40,Habilitada,Guayaquil,Peaje Chivería
204,ELA-3500,2022-06-29 04:35:30,Habilitada,Cuenca,Peaje Chaquilcay
205,JNQ-4494,2024-02-26 09:01:23,Habilitada,Guayaquil,Peaje Yaguachi
206,CJH-0369,2021-02-28 02:33:39,Habilitada,Quito,Peaje Oyacoto
207,GYC-9563,2023-10-24 11:07:46,Bloqueada,Manta,Peaje Manta-Rocafuerte
208,BLG-3404,2020-08-16 00:05:13,Habilitada,Quito,Peaje Rumiñahui
209,URL-5988,2022-10-26 10:26:39,Habilitada,Cuenca,Peaje Chaquilcay
210,CCT-6894,2023-11-04 19:35:01,Habilitada,Santo Domingo,Peaje Santo Domingo
211,EQL-8874,2024-11-12 05:55:38,Habilitada,Quito,Peaje Rumiñahui
212,BFN-3825,2024-01-09 07:25:59,Habilitada,Manta,Peaje Manta-Rocafuerte
213,LJF-9744,2022-05-29 03:50:56,Habilitada,Guayaquil,Peaje Chivería
214,MQJ-9000,2025-10-23 22:45:49,Habilitada,Machala,Peaje El Garrido
215,GCJ-5055,2021-09-29 12:44:52,Habilitada,Guayaquil,Peaje Chivería
216,EUF-4914,2021-05-21 07:53:25,Habilitada,Ambato,Peaje San Andrés
217,UAE-5580,2020-08-02 23:19:51,Habilitada,Guayaquil,Peaje Chivería
218,HOB-6331,2021-06-09 02:15:55,Habilitada,Manta,Peaje Manta-Rocafuerte
219,HTT-5345,2024-12-26 17:45:32,Habilitada,Cuenca,Peaje Chaquilcay
220,LNW-2600,2024-07-29 05:48:20,Habilitada,Machala,Peaje El Garrido
221,IGL-4725,2025-07-15 15:52:18,Habilitada,Cuenca,Peaje Chaquilcay
222,EIG-8588,2024-05-18 19:51:47,Habilitada,Guayaquil,Peaje Chivería
223,CJJ-7630,2024-08-21 05:23:50,Habilitada,Ambato,Peaje San Andrés
224,XLB-2794,2024-03-05 20:58:42,Habilitada,Manta,Peaje Manta-Rocafuerte
225,TGC-7010,2022-08-31 02:54:59,Habilitada,Riobamba,Peaje San Juan
226,CHI-8863,2021-04-07 20:53:55,Bloqueada,Manta,Peaje Manta-Rocafuerte
227,XDX-6683,2021-04-27 16:14:12,Habilitada,Riobamba,Peaje San Juan
228,LGF-1533,2023-03-09 17:05:31,Habilitada,Santo Domingo,Peaje Santo Domingo
229,HOG-9713,2020-01-24 08:15:31,Habilitada,Guayaquil,Peaje Chivería
230,GEP-0076,2023-05-25 14:40:32,Habilitada,Guayaquil,Peaje Chivería
231,JDB-6396,2020-08-24 08:55:39,Habilitada,Manta,Peaje Manta-Rocafuerte
232,JNF-1388,2020-02-29 05:28:34,Habilitada,Manta,Peaje Manta-Rocafuerte
233,JKA-2766,2021-02-16 21:31:03,Habilitada,Santo Domingo,Peaje Santo Domingo
234,TOW-5091,2022-08-10 07:06:38,Habilitada,Guayaquil,Peaje Chivería
235,TAP-3827,2020-11-18 10:45:24,Habilitada,Quito,Peaje Rumiñahui
236,JHT-5790,2025-11-13 07:56:23,Habilitada,Riobamba,Peaje San Juan
237,EVL-6094,2024-06-19 16:36:19,Habilitada,Santo Domingo,Peaje Santo Domingo
238,UFV-5525,2023-08-29 12:03:08,Habilitada,Riobamba,Peaje San Juan
239,PBM-4738,2022-03-30 18:21:40,Habilitada,Machala,Peaje El Garrido
240,HBA-3454,2020-11-27 00:17:27,Habilitada,Guayaquil,Peaje Yaguachi
241,XVE-5421,2021-12-21 07:30:57,Habilitada,Santo Domingo,Peaje Santo Domingo
242,ACR-8170,2022-06-23 00:23:13,Habilitada,Manta,Peaje Manta-Rocafuerte
243,MPC-5259,2024-02-25 13:50:36,Habilitada,Riobamba,Peaje San Juan
244,MCF-7037,2024-04-26 17:04:14,Habilitada,Guayaquil,Peaje Yaguachi
245,CXB-4792,2021-02-01 22:37:27,Habilitada,Santo Domingo,Peaje Santo Domingo
246,UDK-6264,2020-05-02 21:45:25,Habilitada,Quito,Peaje Rumiñahui
247,UDK-6264,2021-10-04 10:20:54,Habilitada,Quito,Peaje Oyacoto
248,JHT-5790,2021-04-18 08:44:40,Habilitada,Ambato,Peaje San Andrés
249,HTY-5322,2020-10-28 21:00:54,Habilitada,Cuenca,Peaje Chaquilcay
250,MWP-9020,2023-05-28 14:39:36,Habilitada,Manta,Peaje Manta-Rocafuerte
251,PLX-2356,2020-02-02 20:00:23,Bloqueada,Cuenca,Peaje Chaquilcay
252,TGW-6034,2025-02-06 05:26:11,Habilitada,Machala,Peaje El Garrido
253,THC-2962,2024-12-16 10:04:53,Habilitada,Quito,Peaje Rumiñahui
254,UUF-7939,2025-01-28 19:55:39,Habilitada,Riobamba,Peaje San Juan
255,TZX-9879,2021-06-11 02:51:22,Habilitada,Cuenca,Peaje Chaquilcay
256,IDI-2952,2022-02-11 04:57:45,Bloqueada,Machala,Peaje El Garrido
257,LDO-0237,2022-06-08 00:18:48,Habilitada,Guayaquil,Peaje Yaguachi
258,XEO-3900,2022-09-11 18:11:44,Habilitada,Cuenca,Peaje Chaquilcay
259,XUN-9184,2024-05-31 04:20:38,Habilitada,Guayaquil,Peaje Yaguachi
260,BKI-4870,2021-08-17 14:59:28,Habilitada,Ambato,Peaje San Andrés
261,PKG-9107,2025-11-27 21:14:50,Habilitada,Quito,Peaje Oyacoto
262,TGM-2865,2025-08-15 01:13:01,Habilitada,Ambato,Peaje San Andrés
263,EDO-6854,2024-11-20 14:14:39,Habilitada,Manta,Peaje Manta-Rocafuerte
264,TYX-9050,2023-10-03 02:45:31,Bloqueada,Ambato,Peaje San Andrés
265,XLB-2794,2023-12-23 20:15:53,Habilitada,Guayaquil,Peaje Chivería
266,EAW-7971,2020-07-31 07:25:53,Habilitada,Guayaquil,Peaje Chivería
267,ABU-1937,2022-01-26 05:20:39,Habilitada,Manta,Peaje Manta-Rocafuerte
268,JEN-8180,2024-04-15 15:41:25,Habilitada,Quito,Peaje Rumiñahui
269,BYP-5129,2022-01-14 06:36:34,Habilitada,Quito,Peaje Oyacoto
270,XAL-9738,2025-05-15 22:55:30,Habilitada,Guayaquil,Peaje Chivería
271,AQE-1200,2023-12-15 12:54:20,Habilitada,Ambato,Peaje San Andrés
272,IIF-3753,2025-08-09 17:53:58,Habilitada,Ambato,Peaje San Andrés
273,MQJ-9000,2021-08-10 23:26:10,Habilitada,Manta,Peaje Manta-Rocafuerte
274,BCH-7176,2024-05-09 10:38:22,Habilitada,Quito,Peaje Oyacoto
275,TYH-5864,2020-09-23 12:48:10,Habilitada,Machala,Peaje El Garrido
276,XVO-1160,2021-01-13 07:22:14,Habilitada,Guayaquil,Peaje Yaguachi
277,EQY-1643,2025-11-26 03:49:42,Habilitada,Cuenca,Peaje Chaquilcay
278,PQD-4734,2023-05-01 11:39:34,Habilitada,Quito,Peaje Oyacoto
279,JOX-4613,2021-09-30 12:44:32,Habilitada,Guayaquil,Peaje Yaguachi
280,BFN-3825,2022-02-28 07:18:25,Habilitada,Riobamba,Peaje San Juan
281,GWT-3810,2024-12-25 06:25:58,Habilitada,Santo Domingo,Peaje Santo Domingo
282,IAB-6340,2020-07-06 04:26:51,Habilitada,Quito,Peaje Rumiñahui
283,PQD-4734,2025-04-21 01:55:54,Bloqueada,Riobamba,Peaje San Juan
284,MTE-5378,2021-12-10 20:06:08,Habilitada,Manta,Peaje Manta-Rocafuerte
285,LMY-0181,2021-01-09 20:20:39,Habilitada,Riobamba,Peaje San Juan
286,MZS-3119,2022-09-07 18:41:50,Habilitada,Quito,Peaje Oyacoto
287,GRT-2241,2023-05-04 15:05:19,Suspendida,Quito,Peaje Rumiñahui
288,PEY-0418,2020-03-01 13:06:34,Habilitada,Guayaquil,Peaje Yaguachi
289,HIK-8631,2020-08-13 10:50:43,Habilitada,Manta,Peaje Manta-Rocafuerte
290,BBR-4575,2020-08-18 18:53:53,Habilitada,Machala,Peaje El Garrido
291,AVY-1954,2022-07-02 17:33:06,Bloqueada,Quito,Peaje Rumiñahui
292,ULM-4925,2025-09-29 16:27:53,Habilitada,Guayaquil,Peaje Chivería
293,MNX-2504,2022-09-11 18:12:17,Habilitada,Guayaquil,Peaje Chivería
294,LNR-0058,2021-01-30 02:20:26,Habilitada,Santo Domingo,Peaje Santo Domingo
295,ABU-1937,2021-05-23 21:29:00,Bloqueada,Manta,Peaje Manta-Rocafuerte
296,EOY-6519,2024-05-17 19:56:28,Habilitada,Quito,Peaje Oyacoto
297,JVZ-8997,2022-08-29 03:18:53,Habilitada,Machala,Peaje El Garrido
298,XVH-9917,2024-10-02 12:07:18,Suspendida,Machala,Peaje El Garrido
299,CPJ-0705,2024-03-22 07:37:12,Bloqueada,Quito,Peaje Rumiñahui
300,IIF-3753,2025-01-15 01:26:27,Habilitada,Santo Domingo,Peaje Santo Domingo
301,EQY-1643,2024-11-28 01:05:35,Habilitada,Manta,Peaje Manta-Rocafuerte
302,HVD-8774,2024-05-02 04:25:18,Suspendida,Quito,Peaje Oyacoto
303,PEE-0278,2021-02-04 10:02:12,Habilitada,Manta,Peaje Manta-Rocafuerte
304,CYW-9403,2025-06-09 07:17:01,Habilitada,Machala,Peaje El Garrido
305,EPX-5897,2020-10-30 15:29:18,Habilitada,Cuenca,Peaje Chaquilcay
306,MNF-7669,2021-03-26 14:06:00,Habilitada,Quito,Peaje Oyacoto
307,LGF-1533,2025-05-19 00:35:49,Habilitada,Guayaquil,Peaje Chivería
308,XAV-9945,2021-07-31 17:29:33,Bloqueada,Guayaquil,Peaje Chivería
309,LGF-1533,2022-04-30 16:45:51,Habilitada,Ambato,Peaje San Andrés
310,ABU-1937,2025-01-31 00:00:15,Habilitada,Manta,Peaje Manta-Rocafuerte
311,CSN-5477,2023-10-06 13:13:43,Habilitada,Manta,Peaje Manta-Rocafuerte
312,HPO-6651,2023-02-05 07:22:31,Habilitada,Guayaquil,Peaje Yaguachi
313,GHU-0808,2023-07-01 23:40:55,Habilitada,Quito,Peaje Oyacoto
314,LHW-3858,2025-11-12 17:03:47,Habilitada,Riobamba,Peaje San Juan
315,BLG-3404,2025-06-09 13:58:21,Habilitada,Ambato,Peaje San Andrés
316,MKC-9496,2020-03-22 04:50:28,Suspendida,Quito,Peaje Rumiñahui
317,XVC-4565,2025-01-26 18:11:50,Suspendida,Ambato,Peaje San Andrés
318,MGM-6681,2020-06-27 18:30:10,Suspendida,Guayaquil,Peaje Yaguachi
319,GHU-0808,2021-06-22 12:06:12,Habilitada,Manta,Peaje Manta-Rocafuerte
320,ART-5104,2023-09-06 21:49:37,Habilitada,Machala,Peaje El Garrido
321,UEY-1184,2022-02-12 08:07:39,Habilitada,Guayaquil,Peaje Yaguachi
322,ABU-1937,2020-10-09 06:44:17,Habilitada,Guayaquil,Peaje Yaguachi
323,BYP-5129,2022-04-03 19:50:37,Habilitada,Ambato,Peaje San Andrés
324,TCP-6310,2024-11-23 07:14:48,Habilitada,Ambato,Peaje San Andrés
325,MTE-5378,2024-04-10 20:21:43,Habilitada,Guayaquil,Peaje Chivería
326,MPC-5259,2024-12-07 21:19:30,Habilitada,Santo Domingo,Peaje Santo Domingo
327,JWU-8188,2020-04-27 16:29:35,Habilitada,Quito,Peaje Rumiñahui
328,JKM-2726,2021-02-03 10:07:50,Suspendida,Riobamba,Peaje San Juan
329,CML-4700,2022-04-10 13:15:37,Habilitada,Riobamba,Peaje San Juan
330,MCD-7448,2020-03-07 14:32:37,Habilitada,Santo Domingo,Peaje Santo Domingo
331,BKA-8082,2022-12-22 09:17:31,Habilitada,Guayaquil,Peaje Chivería
332,TQP-9417,2021-01-21 11:32:33,Habilitada,Cuenca,Peaje Chaquilcay
333,PPD-4351,2025-10-17 04:02:37,Habilitada,Cuenca,Peaje Chaquilcay
334,AJF-7840,2025-11-30 15:27:43,Bloqueada,Manta,Peaje Manta-Rocafuerte
335,XGT-6910,2025-09-28 22:27:16,Habilitada,Quito,Peaje Oyacoto
336,CSA-8720,2025-07-30 00:53:33,Habilitada,Manta,Peaje Manta-Rocafuerte
337,LWZ-8138,2023-08-30 15:13:21,Habilitada,Ambato,Peaje San Andrés
338,HEL-4842,2023-02-02 00:09:00,Habilitada,Quito,Peaje Rumiñahui
339,GBW-5363,2022-07-19 19:17:08,Habilitada,Riobamba,Peaje San Juan
340,CAD-7914,2022-02-12 07:36:37,Suspendida,Ambato,Peaje San Andrés
341,PKK-8157,2020-12-25 03:42:54,Habilitada,Ambato,Peaje San Andrés
342,GXP-4318,2024-07-16 23:16:13,Habilitada,Guayaquil,Peaje Chivería
343,TNM-4311,2024-04-27 03:26:02,Habilitada,Guayaquil,Peaje Yaguachi
344,UFH-6514,2021-10-21 04:18:08,Habilitada,Santo Domingo,Peaje Santo Domingo
345,LIB-4312,2020-06-26 02:35:40,Habilitada,Quito,Peaje Oyacoto
346,CJH-0369,2024-05-13 01:36:36,Habilitada,Riobamba,Peaje San Juan
347,TCX-0876,2025-09-28 22:52:52,Habilitada,Machala,Peaje El Garrido
348,BUL-4236,2023-09-02 21:46:37,Habilitada,Quito,Peaje Oyacoto
349,MXL-5229,2022-01-22 09:39:22,Habilitada,Manta,Peaje Manta-Rocafuerte
350,AZK-7761,2022-12-17 09:18:45,Habilitada,Guayaquil,Peaje Chivería
351,CCC-5907,2020-04-02 21:43:55,Habilitada,Ambato,Peaje San Andrés
352,JXI-9717,2025-04-12 14:15:07,Habilitada,Quito,Peaje Oyacoto
353,EJY-6023,2022-08-10 12:30:15,Suspendida,Quito,Peaje Oyacoto
354,EKG-4369,2023-08-16 05:31:40,Habilitada,Riobamba,Peaje San Juan
355,LFN-4475,2022-11-09 11:16:08,Habilitada,Guayaquil,Peaje Yaguachi
356,JMV-8463,2024-11-09 16:39:01,Habilitada,Ambato,Peaje San Andrés
357,LLW-8875,2025-06-21 01:31:59,Habilitada,Guayaquil,Peaje Chivería
358,HPG-5424,2023-08-16 21:49:08,Habilitada,Riobamba,Peaje San Juan
359,HRJ-6447,2024-06-04 22:46:40,Habilitada,Quito,Peaje Rumiñahui
360,HYM-0723,2022-09-29 14:59:57,Habilitada,Quito,Peaje Oyacoto
361,AFT-2257,2024-08-30 20:40:02,Habilitada,Ambato,Peaje San Andrés
362,GHU-0808,2023-02-22 23:36:55,Habilitada,Quito,Peaje Rumiñahui
363,AMO-0622,2025-05-31 20:01:41,Habilitada,Manta,Peaje Manta-Rocafuerte
364,XZO-9617,2021-03-26 08:05:39,Bloqueada,Ambato,Peaje San Andrés
365,JSN-9604,2022-07-03 14:19:29,Bloqueada,Ambato,Peaje San Andrés
366,PDA-4196,2020-01-15 12:41:33,Habilitada,Guayaquil,Peaje Yaguachi
367,BEU-5259,2023-11-22 16:54:38,Habilitada,Cuenca,Peaje Chaquilcay
368,HXN-1387,2024-02-25 04:27:06,Suspendida,Machala,Peaje El Garrido
369,HTT-5345,2020-05-28 21:32:39,Habilitada,Guayaquil,Peaje Yaguachi
370,GIM-3042,2023-03-16 21:22:52,Habilitada,Manta,Peaje Manta-Rocafuerte
371,EDY-0005,2025-10-20 04:29:14,Habilitada,Machala,Peaje El Garrido
372,XVZ-6847,2022-07-16 08:56:41,Habilitada,Ambato,Peaje San Andrés
373,JEH-6662,2024-01-07 09:16:42,Habilitada,Guayaquil,Peaje Chivería
374,JXI-9717,2024-12-01 14:16:40,Habilitada,Cuenca,Peaje Chaquilcay
375,HQW-7774,2022-12-13 04:53:39,Habilitada,Ambato,Peaje San Andrés
376,AKI-3811,2024-03-07 21:26:28,Habilitada,Santo Domingo,Peaje Santo Domingo
377,JPL-1074,2022-09-20 05:52:15,Habilitada,Quito,Peaje Oyacoto
378,AZN-8200,2025-04-16 18:46:12,Habilitada,Quito,Peaje Rumiñahui
379,LBU-2242,2025-08-31 13:19:51,Habilitada,Guayaquil,Peaje Yaguachi
380,HES-4448,2020-07-20 03:47:21,Habilitada,Riobamba,Peaje San Juan
381,BKS-1863,2022-07-30 05:49:18,Habilitada,Riobamba,Peaje San Juan
382,BXF-7695,2020-03-04 22:36:03,Habilitada,Machala,Peaje El Garrido
383,UEB-6779,2021-05-03 19:12:52,Habilitada,Cuenca,Peaje Chaquilcay
384,XVS-6425,2020-02-20 13:55:47,Habilitada,Santo Domingo,Peaje Santo Domingo
385,TED-0521,2021-05-18 19:37:38,Habilitada,Guayaquil,Peaje Chivería
386,XOW-9532,2024-07-08 14:25:08,Habilitada,Riobamba,Peaje San Juan
387,MCF-7037,2021-04-10 00:44:34,Habilitada,Quito,Peaje Rumiñahui
388,TFZ-1652,2021-05-08 21:26:53,Habilitada,Guayaquil,Peaje Yaguachi
389,TDO-6498,2020-05-07 04:35:53,Habilitada,Guayaquil,Peaje Yaguachi
390,MLK-3219,2021-12-19 15:10:18,Habilitada,Manta,Peaje Manta-Rocafuerte
391,PLL-1341,2022-07-03 23:22:47,Habilitada,Machala,Peaje El Garrido
392,BAM-3074,2025-03-15 11:06:48,Habilitada,Cuenca,Peaje Chaquilcay
393,LJR-6174,2025-10-06 13:05:34,Habilitada,Machala,Peaje El Garrido
394,UTO-4622,2023-08-18 06:26:48,Habilitada,Guayaquil,Peaje Chivería
395,TYZ-8062,2025-05-25 01:53:52,Habilitada,Ambato,Peaje San Andrés
396,AZK-7761,2025-06-28 22:57:37,Habilitada,Riobamba,Peaje San Juan
397,TGM-2865,2020-07-04 09:52:12,Habilitada,Santo Domingo,Peaje Santo Domingo
398,GRT-2241,2022-06-09 01:12:25,Habilitada,Ambato,Peaje San Andrés
399,JNQ-4494,2020-02-17 23:19:47,Habilitada,Riobamba,Peaje San Juan
400,PAP-1971,2025-04-02 21:55:55,Habilitada,Quito,Peaje Oyacoto
401,PLL-1341,2023-05-04 08:04:05,Habilitada,Quito,Peaje Rumiñahui
402,CSA-8720,2021-03-19 20:15:42,Habilitada,Riobamba,Peaje San Juan
403,GIH-2464,2020-01-12 17:57:58,Habilitada,Guayaquil,Peaje Chivería
404,TQP-9417,2022-05-27 08:40:33,Habilitada,Quito,Peaje Oyacoto
405,BEU-5259,2021-06-07 06:34:22,Habilitada,Quito,Peaje Rumiñahui
406,PDJ-9111,2025-10-14 21:12:33,Habilitada,Guayaquil,Peaje Yaguachi
407,IGL-4725,2022-12-23 04:49:50,Habilitada,Guayaquil,Peaje Chivería
408,GUN-3833,2024-08-09 00:25:12,Habilitada,Ambato,Peaje San Andrés
409,UYF-3936,2023-05-28 05:19:19,Habilitada,Guayaquil,Peaje Yaguachi
410,CBB-1575,2022-01-05 05:25:39,Habilitada,Quito,Peaje Rumiñahui
411,IOM-5522,2024-06-02 02:51:15,Habilitada,Quito,Peaje Oyacoto
412,XOO-4285,2022-08-30 15:40:52,Habilitada,Cuenca,Peaje Chaquilcay
413,HMG-0764,2025-08-12 05:30:49,Habilitada,Santo Domingo,Peaje Santo Domingo
414,CSH-7143,2021-06-16 10:18:08,Habilitada,Guayaquil,Peaje Yaguachi
415,PAP-1971,2022-01-15 11:56:30,Habilitada,Cuenca,Peaje Chaquilcay
416,BMM-0936,2020-07-10 11:44:04,Habilitada,Riobamba,Peaje San Juan
417,XYH-1560,2020-04-10 15:16:11,Habilitada,Machala,Peaje El Garrido
418,JMR-4503,2024-08-05 08:58:16,Habilitada,Quito,Peaje Rumiñahui
419,GZZ-2154,2021-12-06 13:09:29,Habilitada,Santo Domingo,Peaje Santo Domingo
420,UKJ-6761,2024-05-27 16:09:04,Habilitada,Riobamba,Peaje San Juan
421,LYL-6086,2022-04-27 19:09:24,Habilitada,Quito,Peaje Oyacoto
422,PDJ-9111,2024-05-26 23:00:40,Habilitada,Quito,Peaje Oyacoto
423,MXY-2018,2020-09-07 15:11:17,Habilitada,Cuenca,Peaje Chaquilcay
424,XAL-9738,2020-11-28 05:22:37,Habilitada,Guayaquil,Peaje Yaguachi
425,ATC-9560,2023-08-01 05:33:18,Habilitada,Riobamba,Peaje San Juan
426,IJD-7540,2020-01-17 06:46:47,Habilitada,Cuenca,Peaje Chaquilcay
427,TIF-9646,2021-08-23 21:39:58,Habilitada,Cuenca,Peaje Chaquilcay
428,MWL-2437,2022-08-14 05:17:55,Habilitada,Guayaquil,Peaje Chivería
429,PTP-7973,2023-12-25 08:55:43,Habilitada,Santo Domingo,Peaje Santo Domingo
430,BNC-7257,2025-08-30 07:00:55,Habilitada,Guayaquil,Peaje Chivería
431,GTZ-5694,2022-02-18 11:38:53,Habilitada,Ambato,Peaje San Andrés
432,IPL-6227,2021-05-18 10:39:21,Habilitada,Guayaquil,Peaje Chivería
433,JSN-9604,2024-12-08 09:31:58,Habilitada,Cuenca,Peaje Chaquilcay
434,UCB-0241,2021-07-04 07:03:34,Habilitada,Quito,Peaje Rumiñahui
435,CRN-0858,2022-09-28 05:06:19,Habilitada,Santo Domingo,Peaje Santo Domingo
436,JJY-9987,2023-12-01 13:26:11,Habilitada,Cuenca,Peaje Chaquilcay
437,CMV-0905,2024-12-16 10:57:30,Habilitada,Guayaquil,Peaje Chivería
438,TYZ-8062,2020-02-22 03:27:05,Suspendida,Quito,Peaje Rumiñahui
439,UAX-1810,2021-05-17 18:24:02,Habilitada,Riobamba,Peaje San Juan
440,TFB-5628,2023-01-06 05:24:36,Habilitada,Ambato,Peaje San Andrés
441,IQX-7725,2023-04-30 00:58:28,Bloqueada,Ambato,Peaje San Andrés
442,BUL-4236,2025-11-12 18:12:43,Habilitada,Guayaquil,Peaje Yaguachi
443,EXD-4775,2024-05-09 04:32:53,Habilitada,Manta,Peaje Manta-Rocafuerte
444,PNT-3226,2024-02-26 03:41:59,Habilitada,Cuenca,Peaje Chaquilcay
445,JEN-8180,2020-01-03 20:19:44,Habilitada,Guayaquil,Peaje Chivería
446,GTZ-5694,2021-01-13 06:46:06,Habilitada,Santo Domingo,Peaje Santo Domingo
447,IMS-9745,2025-08-12 15:44:56,Suspendida,Cuenca,Peaje Chaquilcay
448,CYW-9403,2025-09-15 13:16:22,Suspendida,Machala,Peaje El Garrido
449,GFB-6723,2022-07-26 00:46:15,Habilitada,Santo Domingo,Peaje Santo Domingo
450,PZN-0587,2023-03-12 03:02:04,Habilitada,Riobamba,Peaje San Juan
451,HRJ-6447,2022-03-25 15:50:36,Habilitada,Quito,Peaje Rumiñahui
452,BBN-2879,2020-12-01 05:28:50,Habilitada,Cuenca,Peaje Chaquilcay
453,BPY-8555,2021-04-10 08:44:30,Suspendida,Santo Domingo,Peaje Santo Domingo
454,IKA-1321,2025-01-24 20:45:23,Habilitada,Guayaquil,Peaje Yaguachi
455,CAB-2791,2024-06-24 02:02:16,Habilitada,Manta,Peaje Manta-Rocafuerte
456,JOX-4613,2025-01-19 04:41:51,Habilitada,Ambato,Peaje San Andrés
457,PAP-1971,2024-09-11 21:25:09,Habilitada,Guayaquil,Peaje Chivería
458,BEM-9735,2020-05-18 20:12:14,Habilitada,Cuenca,Peaje Chaquilcay
459,BSX-4199,2024-07-22 21:49:39,Habilitada,Guayaquil,Peaje Chivería
460,CKY-0419,2021-03-15 07:31:35,Habilitada,Machala,Peaje El Garrido
461,BEM-9735,2021-02-07 02:56:55,Habilitada,Santo Domingo,Peaje Santo Domingo
462,LWZ-8138,2020-09-26 02:25:39,Habilitada,Guayaquil,Peaje Chivería
463,MBE-7199,2025-07-08 14:25:21,Habilitada,Quito,Peaje Oyacoto
464,BLN-8760,2020-07-16 13:35:33,Habilitada,Ambato,Peaje San Andrés
465,HVD-8774,2023-05-08 17:54:43,Habilitada,Quito,Peaje Rumiñahui
466,UFV-5525,2020-01-01 01:46:06,Habilitada,Machala,Peaje El Garrido
467,JEK-1755,2025-04-20 11:56:21,Habilitada,Cuenca,Peaje Chaquilcay
468,IIG-6113,2020-01-04 12:27:55,Bloqueada,Manta,Peaje Manta-Rocafuerte
469,INK-0977,2021-01-11 08:14:51,Habilitada,Santo Domingo,Peaje Santo Domingo
470,UUH-6879,2020-07-22 20:11:13,Habilitada,Quito,Peaje Rumiñahui
471,XEO-3900,2022-11-05 23:54:14,Habilitada,Guayaquil,Peaje Chivería
472,GIH-2464,2021-07-19 11:30:53,Habilitada,Riobamba,Peaje San Juan
473,TFB-5628,2024-04-04 13:16:38,Habilitada,Ambato,Peaje San Andrés
474,IIF-3753,2022-10-03 17:54:49,Habilitada,Santo Domingo,Peaje Santo Domingo
475,IOM-5522,2025-03-31 18:30:16,Habilitada,Quito,Peaje Oyacoto
476,CLG-7119,2021-06-14 09:47:17,Habilitada,Guayaquil,Peaje Yaguachi
477,HOT-0413,2023-06-06 10:23:57,Habilitada,Quito,Peaje Rumiñahui
478,LBU-2242,2022-01-12 12:12:14,Habilitada,Guayaquil,Peaje Chivería
479,HXM-9267,2022-06-04 07:21:32,Habilitada,Guayaquil,Peaje Chivería
480,XIC-7594,2023-06-22 14:16:21,Habilitada,Machala,Peaje El Garrido
481,BOT-8920,2025-10-23 08:01:59,Habilitada,Santo Domingo,Peaje Santo Domingo
482,PDA-4196,2020-02-02 21:29:49,Habilitada,Ambato,Peaje San Andrés
483,GYU-2490,2023-01-05 05:10:01,Habilitada,Riobamba,Peaje San Juan
484,PBM-4738,2025-05-12 05:39:08,Habilitada,Manta,Peaje Manta-Rocafuerte
485,BYP-5129,2020-06-11 15:16:29,Habilitada,Quito,Peaje Oyacoto
486,CRN-0858,2023-09-10 00:50:03,Habilitada,Machala,Peaje El Garrido
487,XDB-0508,2024-11-17 08:47:05,Habilitada,Manta,Peaje Manta-Rocafuerte
488,TBW-0786,2021-01-24 09:52:39,Habilitada,Manta,Peaje Manta-Rocafuerte
489,GCJ-5055,2020-02-07 07:01:32,Habilitada,Cuenca,Peaje Chaquilcay
490,ESX-4761,2025-09-16 13:32:54,Habilitada,Riobamba,Peaje San Juan
491,BEU-5259,2021-10-03 05:11:57,Habilitada,Guayaquil,Peaje Yaguachi
492,EXO-2784,2021-04-09 17:32:59,Habilitada,Guayaquil,Peaje Chivería
493,CMV-0905,2021-01-21 00:09:06,Habilitada,Ambato,Peaje San Andrés
494,UTN-3564,2023-03-06 06:16:07,Habilitada,Machala,Peaje El Garrido
495,JOX-4613,2020-04-16 10:39:42,Habilitada,Cuenca,Peaje Chaquilcay
496,ULK-5366,2020-02-16 19:26:33,Habilitada,Cuenca,Peaje Chaquilcay
497,ULM-4925,2021-10-27 10:44:52,Habilitada,Guayaquil,Peaje Chivería
498,MXY-2018,2021-03-19 01:48:02,Habilitada,Ambato,Peaje San Andrés
499,HXM-9267,2023-02-03 10:19:56,Habilitada,Santo Domingo,Peaje Santo Domingo
500,ACL-1630,2024-11-09 01:52:13,Habilitada,Ambato,Peaje San Andrés
501,MND-9825,2020-10-18 05:35:09,Bloqueada,Guayaquil,Peaje Chivería
502,AFT-2257,2021-12-22 20:10:34,Habilitada,Guayaquil,Peaje Yaguachi
503,TYZ-8062,2024-01-30 19:18:14,Habilitada,Ambato,Peaje San Andrés
504,LIU-4206,2023-08-01 16:12:41,Habilitada,Cuenca,Peaje Chaquilcay
505,MLK-3219,2025-12-23 20:35:07,Habilitada,Quito,Peaje Oyacoto
506,ATV-7210,2020-09-12 18:25:07,Habilitada,Ambato,Peaje San Andrés
507,TAZ-2976,2020-11-22 21:33:56,Habilitada,Machala,Peaje El Garrido
508,CSH-7143,2020-12-25 18:57:10,Habilitada,Riobamba,Peaje San Juan
509,IRT-7924,2020-02-18 13:13:58,Habilitada,Guayaquil,Peaje Chivería
510,JPL-1074,2025-12-07 19:16:44,Habilitada,Quito,Peaje Oyacoto
511,BMM-0936,2024-03-21 08:30:21,Habilitada,Machala,Peaje El Garrido
512,XAB-7414,2021-06-04 16:07:07,Habilitada,Cuenca,Peaje Chaquilcay
513,HCV-9577,2020-12-04 20:58:53,Habilitada,Ambato,Peaje San Andrés
514,CML-4700,2024-11-08 14:54:19,Habilitada,Quito,Peaje Oyacoto
515,GZZ-2154,2021-06-14 08:27:27,Habilitada,Guayaquil,Peaje Yaguachi
516,TGQ-9085,2022-08-08 19:44:00,Habilitada,Quito,Peaje Rumiñahui
517,GFB-6723,2022-10-31 13:07:26,Habilitada,Quito,Peaje Oyacoto
518,JRZ-0267,2021-04-15 04:19:21,Habilitada,Manta,Peaje Manta-Rocafuerte
519,BBN-2879,2025-11-17 05:06:21,Suspendida,Santo Domingo,Peaje Santo Domingo
520,CXB-4792,2020-02-14 08:49:11,Habilitada,Santo Domingo,Peaje Santo Domingo
521,UEB-6779,2023-07-01 16:39:55,Habilitada,Ambato,Peaje San Andrés
522,MNF-7669,2025-09-03 14:31:13,Habilitada,Guayaquil,Peaje Chivería
523,UFH-6514,2021-01-22 08:15:26,Habilitada,Cuenca,Peaje Chaquilcay
524,AVY-1954,2024-10-05 08:40:42,Habilitada,Machala,Peaje El Garrido
525,MGV-9893,2023-03-12 09:55:26,Habilitada,Quito,Peaje Oyacoto
526,JIQ-7498,2021-02-11 02:21:41,Habilitada,Machala,Peaje El Garrido
527,JQP-9057,2025-04-06 06:22:20,Habilitada,Cuenca,Peaje Chaquilcay
528,ASG-0822,2023-08-20 09:36:25,Habilitada,Manta,Peaje Manta-Rocafuerte
529,CBB-1575,2023-06-26 03:32:58,Habilitada,Ambato,Peaje San Andrés
530,HVD-8774,2020-11-26 21:23:19,Habilitada,Cuenca,Peaje Chaquilcay
531,CMV-0905,2025-09-20 02:32:29,Habilitada,Manta,Peaje Manta-Rocafuerte
532,BXF-7695,2023-06-12 23:14:52,Bloqueada,Guayaquil,Peaje Yaguachi
533,LZB-2869,2020-06-14 09:30:19,Habilitada,Guayaquil,Peaje Chivería
534,BOT-8920,2022-05-29 11:32:34,Habilitada,Riobamba,Peaje San Juan
535,LVH-3512,2022-09-06 18:35:04,Habilitada,Guayaquil,Peaje Yaguachi
536,CBB-1575,2023-02-07 20:37:57,Habilitada,Machala,Peaje El Garrido
537,UIY-9658,2020-12-05 05:58:59,Habilitada,Manta,Peaje Manta-Rocafuerte
538,BBN-2879,2023-12-22 06:54:16,Habilitada,Guayaquil,Peaje Yaguachi
539,ENC-6086,2025-09-12 19:10:31,Suspendida,Machala,Peaje El Garrido
540,TZX-9879,2023-03-29 05:55:18,Habilitada,Riobamba,Peaje San Juan
541,LRL-8441,2022-04-08 10:48:11,Habilitada,Manta,Peaje Manta-Rocafuerte
542,HCV-9577,2025-07-13 05:08:25,Habilitada,Guayaquil,Peaje Chivería
543,HXM-9267,2024-11-25 10:51:26,Habilitada,Manta,Peaje Manta-Rocafuerte
544,LNR-0058,2020-05-30 16:05:55,Habilitada,Riobamba,Peaje San Juan
545,CHI-8863,2020-11-08 06:01:07,Habilitada,Quito,Peaje Rumiñahui
546,CKY-0419,2022-02-23 13:00:55,Habilitada,Riobamba,Peaje San Juan
547,GBW-5363,2024-10-08 04:21:35,Habilitada,Riobamba,Peaje San Juan
548,MCD-7448,2023-06-05 21:12:21,Habilitada,Cuenca,Peaje Chaquilcay
549,LJF-9744,2024-01-01 07:37:42,Bloqueada,Quito,Peaje Rumiñahui
550,MAJ-2786,2022-10-23 21:24:15,Habilitada,Quito,Peaje Rumiñahui
551,TAP-3827,2021-07-09 10:19:41,Habilitada,Santo Domingo,Peaje Santo Domingo
552,LBU-2242,2022-01-01 23:48:40,Habilitada,Guayaquil,Peaje Yaguachi
553,BFN-3825,2023-11-27 11:59:50,Habilitada,Manta,Peaje Manta-Rocafuerte
554,MWL-2437,2024-12-04 11:10:41,Habilitada,Quito,Peaje Rumiñahui
555,XVC-4565,2025-03-13 14:48:54,Habilitada,Ambato,Peaje San Andrés
556,BLG-3404,2020-10-13 02:24:26,Habilitada,Guayaquil,Peaje Yaguachi
557,TCP-6310,2020-12-30 20:37:22,Bloqueada,Quito,Peaje Oyacoto
558,CSA-8720,2022-03-13 21:18:03,Habilitada,Guayaquil,Peaje Chivería
559,LWZ-8138,2025-02-23 04:38:44,Habilitada,Guayaquil,Peaje Chivería
560,XDX-6683,2020-05-06 01:47:03,Habilitada,Santo Domingo,Peaje Santo Domingo
561,GQO-7892,2022-05-30 10:58:10,Habilitada,Guayaquil,Peaje Chivería
562,IEQ-0468,2024-11-18 18:14:12,Habilitada,Guayaquil,Peaje Chivería
563,EXD-4775,2024-10-04 03:33:10,Habilitada,Manta,Peaje Manta-Rocafuerte
564,LSB-8366,2022-08-01 18:15:46,Habilitada,Ambato,Peaje San Andrés
565,XTY-3538,2025-06-10 20:32:23,Habilitada,Quito,Peaje Rumiñahui
566,TAP-3827,2021-08-18 13:42:57,Habilitada,Guayaquil,Peaje Yaguachi
567,CIP-0605,2022-03-29 04:48:37,Habilitada,Guayaquil,Peaje Chivería
568,ATV-7210,2020-03-30 11:22:17,Suspendida,Machala,Peaje El Garrido
569,BJN-4014,2021-01-13 03:33:58,Habilitada,Santo Domingo,Peaje Santo Domingo
570,JQP-9057,2024-07-16 09:21:12,Habilitada,Riobamba,Peaje San Juan
571,XDX-6683,2022-10-09 09:23:22,Habilitada,Ambato,Peaje San Andrés
572,XZO-9617,2023-04-08 16:58:13,Habilitada,Riobamba,Peaje San Juan
573,HEA-4829,2023-04-15 21:02:23,Habilitada,Guayaquil,Peaje Chivería
574,CIP-0605,2022-05-26 13:08:04,Habilitada,Guayaquil,Peaje Yaguachi
575,INK-0977,2022-08-28 15:40:59,Habilitada,Manta,Peaje Manta-Rocafuerte
576,BFZ-2596,2020-11-29 09:08:56,Habilitada,Quito,Peaje Oyacoto
577,MXL-5229,2022-10-16 19:22:01,Habilitada,Guayaquil,Peaje Chivería
578,IOM-5522,2025-08-27 06:08:19,Suspendida,Guayaquil,Peaje Yaguachi
579,TGM-2865,2025-08-31 15:35:46,Bloqueada,Quito,Peaje Oyacoto
580,MGV-9893,2024-09-20 08:20:07,Habilitada,Riobamba,Peaje San Juan
581,UUF-7939,2020-12-13 20:47:17,Habilitada,Guayaquil,Peaje Chivería
582,HRJ-6447,2020-07-04 18:44:42,Habilitada,Guayaquil,Peaje Chivería
583,HQW-7774,2024-01-04 10:11:57,Habilitada,Machala,Peaje El Garrido
584,MKJ-4930,2020-04-13 17:54:56,Habilitada,Cuenca,Peaje Chaquilcay
585,IYU-0453,2025-01-25 23:44:59,Habilitada,Guayaquil,Peaje Chivería
586,UIL-3811,2021-06-07 16:07:11,Habilitada,Cuenca,Peaje Chaquilcay
587,PYX-8485,2025-01-30 23:24:06,Habilitada,Quito,Peaje Rumiñahui
588,BKS-1863,2024-03-14 03:47:33,Habilitada,Quito,Peaje Rumiñahui
589,MGE-8009,2022-03-02 20:09:37,Habilitada,Guayaquil,Peaje Chivería
590,HVD-8774,2020-09-12 19:19:51,Habilitada,Manta,Peaje Manta-Rocafuerte
591,LBZ-8724,2020-08-31 16:20:48,Habilitada,Cuenca,Peaje Chaquilcay
592,IPL-6227,2025-06-26 23:29:38,Habilitada,Ambato,Peaje San Andrés
593,CML-4700,2022-07-15 18:57:26,Suspendida,Guayaquil,Peaje Chivería
594,IDJ-7655,2025-01-10 14:03:45,Habilitada,Guayaquil,Peaje Chivería
595,BGU-0946,2023-12-26 03:29:34,Habilitada,Machala,Peaje El Garrido
596,CMQ-0888,2021-12-24 18:34:17,Suspendida,Santo Domingo,Peaje Santo Domingo
597,HSL-6384,2020-05-01 17:13:20,Habilitada,Quito,Peaje Rumiñahui
598,BMM-0936,2025-09-27 01:26:53,Habilitada,Machala,Peaje El Garrido
599,LZB-2869,2022-08-19 11:33:59,Habilitada,Manta,Peaje Manta-Rocafuerte
600,LYL-6086,2022-04-23 10:07:08,Habilitada,Machala,Peaje El Garrido
601,EIG-8588,2022-10-02 13:18:15,Habilitada,Machala,Peaje El Garrido
602,UGH-0523,2022-10-18 20:01:28,Habilitada,Quito,Peaje Oyacoto
603,XBK-9209,2023-07-30 19:12:21,Habilitada,Guayaquil,Peaje Chivería
604,EZN-2821,2022-11-23 02:13:23,Habilitada,Santo Domingo,Peaje Santo Domingo
605,UGJ-4736,2021-09-25 22:31:24,Habilitada,Ambato,Peaje San Andrés
606,BGD-4542,2020-10-18 12:06:16,Habilitada,Guayaquil,Peaje Yaguachi
607,GHD-9363,2020-12-21 15:37:00,Habilitada,Manta,Peaje Manta-Rocafuerte
608,BEM-9735,2020-07-28 21:40:12,Habilitada,Santo Domingo,Peaje Santo Domingo
609,CDD-9980,2024-03-30 14:13:13,Habilitada,Cuenca,Peaje Chaquilcay
610,PZN-0587,2020-03-16 18:11:06,Habilitada,Manta,Peaje Manta-Rocafuerte
611,GEP-0076,2022-12-13 09:09:45,Habilitada,Cuenca,Peaje Chaquilcay
612,JSN-9604,2024-04-20 13:48:15,Habilitada,Machala,Peaje El Garrido
613,IOM-5522,2020-12-01 16:55:43,Habilitada,Santo Domingo,Peaje Santo Domingo
614,TDO-6498,2025-10-07 23:06:36,Habilitada,Guayaquil,Peaje Yaguachi
615,PTP-7973,2022-11-19 17:09:06,Habilitada,Machala,Peaje El Garrido
616,CSN-5477,2023-09-27 17:08:27,Habilitada,Quito,Peaje Oyacoto
617,AKI-3811,2025-05-07 22:42:54,Habilitada,Santo Domingo,Peaje Santo Domingo
618,XWU-6540,2025-10-04 13:08:43,Habilitada,Guayaquil,Peaje Yaguachi
619,XVO-1160,2023-07-21 13:40:22,Habilitada,Quito,Peaje Rumiñahui
620,UBZ-7634,2022-11-13 09:57:47,Habilitada,Manta,Peaje Manta-Rocafuerte
621,BGM-9142,2024-08-05 03:36:29,Habilitada,Guayaquil,Peaje Yaguachi
622,CMQ-0888,2021-07-27 00:38:53,Habilitada,Cuenca,Peaje Chaquilcay
623,UAE-5580,2024-06-14 13:29:54,Habilitada,Ambato,Peaje San Andrés
624,XEN-6068,2022-04-03 08:11:29,Habilitada,Quito,Peaje Oyacoto
625,JEH-6662,2025-07-14 15:19:59,Habilitada,Manta,Peaje Manta-Rocafuerte
626,PZS-2937,2025-07-04 15:36:53,Bloqueada,Manta,Peaje Manta-Rocafuerte
627,HVD-8774,2020-10-03 12:53:16,Habilitada,Machala,Peaje El Garrido
628,HRJ-6447,2023-08-30 19:59:14,Habilitada,Guayaquil,Peaje Yaguachi
629,GER-8160,2023-05-26 02:02:07,Habilitada,Manta,Peaje Manta-Rocafuerte
630,TBT-1142,2020-09-25 11:16:42,Habilitada,Ambato,Peaje San Andrés
631,UGJ-4736,2021-07-13 16:07:01,Habilitada,Machala,Peaje El Garrido
632,HIK-8631,2023-09-01 10:33:21,Habilitada,Quito,Peaje Rumiñahui
633,XYH-1560,2024-05-03 20:32:41,Habilitada,Cuenca,Peaje Chaquilcay
634,JQP-9057,2022-06-20 19:20:57,Habilitada,Santo Domingo,Peaje Santo Domingo
635,BJQ-8282,2020-04-19 07:55:07,Habilitada,Cuenca,Peaje Chaquilcay
636,UKJ-6761,2023-05-05 01:01:04,Bloqueada,Guayaquil,Peaje Yaguachi
637,TED-0521,2021-06-14 00:51:24,Habilitada,Machala,Peaje El Garrido
638,CLR-9728,2021-02-12 03:19:50,Habilitada,Riobamba,Peaje San Juan
639,USL-6361,2024-01-17 05:12:43,Habilitada,Guayaquil,Peaje Chivería
640,TYH-5864,2020-11-25 07:50:48,Habilitada,Ambato,Peaje San Andrés
641,PSO-1470,2020-11-26 21:37:21,Habilitada,Quito,Peaje Oyacoto
642,IMM-8185,2020-05-13 22:43:51,Habilitada,Quito,Peaje Oyacoto
643,LYL-6086,2024-09-14 10:32:26,Habilitada,Machala,Peaje El Garrido
644,UUH-6879,2022-01-29 08:24:29,Habilitada,Guayaquil,Peaje Yaguachi
645,CIP-0605,2025-10-02 12:32:37,Habilitada,Quito,Peaje Rumiñahui
646,EJY-6023,2022-07-19 08:23:28,Habilitada,Quito,Peaje Rumiñahui
647,XQF-8103,2021-01-04 11:07:26,Suspendida,Santo Domingo,Peaje Santo Domingo
648,IPL-6227,2020-12-18 18:34:52,Habilitada,Guayaquil,Peaje Chivería
649,XVS-6425,2022-02-27 09:40:15,Habilitada,Ambato,Peaje San Andrés
650,IED-8177,2020-06-10 08:39:05,Habilitada,Santo Domingo,Peaje Santo Domingo
651,ESX-4761,2025-08-31 11:46:01,Habilitada,Ambato,Peaje San Andrés
652,JLG-1680,2020-03-04 18:18:25,Habilitada,Quito,Peaje Oyacoto
653,BFF-1979,2023-09-24 23:57:43,Habilitada,Quito,Peaje Oyacoto
654,LDO-0237,2021-03-02 04:37:38,Bloqueada,Santo Domingo,Peaje Santo Domingo
655,BYG-4912,2023-08-01 21:06:27,Habilitada,Quito,Peaje Oyacoto
656,JXG-1026,2025-11-10 13:26:19,Habilitada,Manta,Peaje Manta-Rocafuerte
657,BAM-3074,2024-03-23 18:55:54,Habilitada,Riobamba,Peaje San Juan
658,BUL-4236,2023-02-02 05:07:46,Habilitada,Ambato,Peaje San Andrés
659,XZO-9617,2022-02-27 22:09:55,Habilitada,Manta,Peaje Manta-Rocafuerte
660,CSA-8720,2023-08-19 13:24:58,Suspendida,Ambato,Peaje San Andrés
661,LLW-8875,2021-02-26 16:54:17,Habilitada,Riobamba,Peaje San Juan
662,IZH-4710,2025-09-13 01:43:02,Habilitada,Guayaquil,Peaje Chivería
663,EAW-7971,2022-07-05 20:56:55,Habilitada,Manta,Peaje Manta-Rocafuerte
664,MWP-9020,2021-04-13 17:14:44,Habilitada,Ambato,Peaje San Andrés
665,TCP-6310,2021-02-18 16:41:03,Habilitada,Riobamba,Peaje San Juan
666,BYU-9269,2023-05-22 15:13:29,Habilitada,Guayaquil,Peaje Yaguachi
667,GCK-7884,2025-09-16 09:57:02,Habilitada,Riobamba,Peaje San Juan
668,BFU-6695,2025-12-24 13:36:54,Habilitada,Santo Domingo,Peaje Santo Domingo
669,CCT-6894,2023-04-24 17:08:35,Bloqueada,Cuenca,Peaje Chaquilcay
670,GJG-7226,2025-02-03 04:27:29,Habilitada,Machala,Peaje El Garrido
671,BJQ-8282,2025-02-15 09:14:14,Habilitada,Manta,Peaje Manta-Rocafuerte
672,HOT-0413,2020-06-17 08:45:01,Habilitada,Manta,Peaje Manta-Rocafuerte
673,AJF-7840,2024-09-14 04:03:02,Bloqueada,Manta,Peaje Manta-Rocafuerte
674,IZH-4710,2020-01-08 23:20:45,Habilitada,Manta,Peaje Manta-Rocafuerte
675,JHT-5790,2023-02-01 10:53:37,Habilitada,Machala,Peaje El Garrido
676,IKM-8564,2022-05-11 13:51:51,Habilitada,Riobamba,Peaje San Juan
677,XTT-9636,2025-01-24 15:06:21,Habilitada,Quito,Peaje Oyacoto
678,BQA-0022,2025-09-24 21:31:49,Habilitada,Santo Domingo,Peaje Santo Domingo
679,IDI-2952,2021-03-08 12:58:26,Habilitada,Manta,Peaje Manta-Rocafuerte
680,MNQ-1089,2020-12-22 06:39:51,Habilitada,Guayaquil,Peaje Yaguachi
681,LJB-5607,2025-11-21 17:52:38,Suspendida,Quito,Peaje Oyacoto
682,GQW-6187,2025-04-24 10:48:43,Habilitada,Machala,Peaje El Garrido
683,IYU-0453,2021-05-06 19:47:45,Habilitada,Quito,Peaje Rumiñahui
684,PSJ-0009,2021-01-04 11:22:33,Habilitada,Machala,Peaje El Garrido
685,BFZ-2596,2025-02-05 23:54:19,Habilitada,Guayaquil,Peaje Yaguachi
686,EPH-2269,2022-02-16 02:17:46,Habilitada,Quito,Peaje Oyacoto
687,PAP-1971,2024-12-17 15:32:17,Habilitada,Quito,Peaje Oyacoto
688,HOB-6331,2025-12-14 07:48:50,Habilitada,Santo Domingo,Peaje Santo Domingo
689,EDY-0005,2023-08-06 19:00:54,Habilitada,Machala,Peaje El Garrido
690,MCF-7037,2021-07-01 17:21:59,Habilitada,Santo Domingo,Peaje Santo Domingo
691,MPC-5259,2022-06-25 05:50:29,Habilitada,Guayaquil,Peaje Chivería
692,ECZ-7917,2023-05-31 05:23:39,Habilitada,Ambato,Peaje San Andrés
693,JKB-0072,2023-12-28 12:53:15,Habilitada,Santo Domingo,Peaje Santo Domingo
694,ATD-4318,2024-02-12 07:29:13,Habilitada,Quito,Peaje Rumiñahui
695,UDN-8676,2025-08-09 17:21:27,Suspendida,Quito,Peaje Oyacoto
696,EOY-6519,2022-10-19 21:39:50,Habilitada,Guayaquil,Peaje Chivería
697,TGM-2865,2022-08-04 13:23:40,Habilitada,Riobamba,Peaje San Juan
698,XZO-9617,2023-02-20 17:45:55,Habilitada,Cuenca,Peaje Chaquilcay
699,AZN-8200,2025-05-28 00:26:15,Habilitada,Guayaquil,Peaje Yaguachi
700,XHO-4556,2025-03-23 19:46:04,Habilitada,Guayaquil,Peaje Yaguachi
701,JPL-1074,2021-09-23 13:57:17,Habilitada,Guayaquil,Peaje Chivería
702,XDX-6683,2024-02-29 11:11:25,Habilitada,Riobamba,Peaje San Juan
703,UNU-6503,2025-04-07 19:44:29,Habilitada,Quito,Peaje Rumiñahui
704,GJL-6086,2025-12-02 06:16:14,Habilitada,Guayaquil,Peaje Chivería
705,BKS-1863,2025-03-22 16:58:25,Suspendida,Machala,Peaje El Garrido
706,TCJ-4000,2025-10-09 08:55:01,Habilitada,Santo Domingo,Peaje Santo Domingo
707,MTJ-8371,2020-09-17 06:57:48,Habilitada,Riobamba,Peaje San Juan
708,EPX-5897,2025-04-26 22:43:46,Habilitada,Guayaquil,Peaje Yaguachi
709,BLG-3404,2024-07-14 13:02:59,Habilitada,Quito,Peaje Oyacoto
710,ILK-9126,2021-02-16 06:28:04,Habilitada,Quito,Peaje Rumiñahui
711,PTR-5852,2024-03-05 05:56:16,Habilitada,Quito,Peaje Rumiñahui
712,UDK-6264,2023-04-22 10:45:16,Habilitada,Quito,Peaje Rumiñahui
713,IJD-7540,2024-02-19 14:56:42,Habilitada,Guayaquil,Peaje Chivería
714,EDU-6791,2020-08-07 06:59:39,Habilitada,Guayaquil,Peaje Yaguachi
715,TGM-2865,2025-08-01 20:13:28,Bloqueada,Manta,Peaje Manta-Rocafuerte
716,EDO-6854,2021-10-03 11:51:03,Habilitada,Manta,Peaje Manta-Rocafuerte
717,MXY-2018,2020-11-28 12:57:10,Habilitada,Guayaquil,Peaje Yaguachi
718,TGQ-9085,2022-10-06 17:18:06,Habilitada,Guayaquil,Peaje Chivería
719,EJY-6023,2022-10-21 10:54:53,Habilitada,Riobamba,Peaje San Juan
720,LOT-6465,2023-12-03 14:06:13,Habilitada,Guayaquil,Peaje Yaguachi
721,PDA-4196,2022-04-10 15:52:42,Habilitada,Quito,Peaje Oyacoto
722,UUF-7939,2023-08-06 10:44:29,Suspendida,Quito,Peaje Oyacoto
723,JPL-1074,2025-07-06 03:50:41,Habilitada,Santo Domingo,Peaje Santo Domingo
724,UNU-6503,2021-11-13 18:12:28,Habilitada,Quito,Peaje Oyacoto
725,MBE-7199,2023-04-10 22:05:21,Habilitada,Quito,Peaje Oyacoto
726,JRX-6204,2023-06-19 09:19:01,Habilitada,Guayaquil,Peaje Chivería
727,BKS-1863,2024-07-18 01:07:08,Habilitada,Cuenca,Peaje Chaquilcay
728,HTY-5322,2024-10-01 03:19:00,Habilitada,Quito,Peaje Oyacoto
729,TBT-1142,2025-08-17 08:49:12,Habilitada,Machala,Peaje El Garrido
730,EBL-1054,2025-02-14 10:57:23,Habilitada,Santo Domingo,Peaje Santo Domingo
731,XOM-5573,2022-07-09 18:58:32,Habilitada,Quito,Peaje Oyacoto
732,EIG-8588,2023-05-14 14:27:34,Habilitada,Quito,Peaje Oyacoto
733,XEN-6068,2021-01-23 16:01:19,Habilitada,Guayaquil,Peaje Yaguachi
734,JDB-6396,2025-03-27 03:30:46,Habilitada,Machala,Peaje El Garrido
735,LCV-7264,2021-08-01 22:16:13,Habilitada,Guayaquil,Peaje Yaguachi
736,UEB-6779,2023-04-11 07:40:54,Habilitada,Cuenca,Peaje Chaquilcay
737,TOU-1260,2025-08-07 13:21:51,Habilitada,Cuenca,Peaje Chaquilcay
738,EXD-4775,2025-12-16 11:52:13,Habilitada,Cuenca,Peaje Chaquilcay
739,JDL-7557,2023-12-29 04:23:42,Habilitada,Machala,Peaje El Garrido
740,IQX-7725,2021-10-04 16:31:24,Habilitada,Riobamba,Peaje San Juan
741,UAE-5580,2024-04-24 08:18:14,Habilitada,Ambato,Peaje San Andrés
742,XDX-6683,2021-05-12 14:42:43,Habilitada,Machala,Peaje El Garrido
743,JMR-4503,2024-12-07 00:41:45,Habilitada,Guayaquil,Peaje Yaguachi
744,JVY-1863,2021-01-30 09:16:46,Habilitada,Guayaquil,Peaje Yaguachi
745,JHT-5790,2020-07-06 05:48:45,Bloqueada,Quito,Peaje Rumiñahui
746,PQD-4734,2022-11-27 06:48:22,Habilitada,Riobamba,Peaje San Juan
747,PWG-3794,2022-03-19 15:30:57,Habilitada,Cuenca,Peaje Chaquilcay
748,BOT-8920,2020-12-29 22:26:09,Bloqueada,Riobamba,Peaje San Juan
749,XEO-3900,2020-11-22 06:12:21,Habilitada,Machala,Peaje El Garrido
750,JOX-4613,2021-10-24 06:38:02,Bloqueada,Ambato,Peaje San Andrés
751,MJJ-8377,2025-11-17 04:37:17,Habilitada,Quito,Peaje Oyacoto
752,CKY-0419,2021-09-18 00:41:25,Habilitada,Quito,Peaje Rumiñahui
753,CYN-6577,2025-03-09 19:18:28,Habilitada,Quito,Peaje Rumiñahui
754,MAJ-2786,2020-07-22 07:20:55,Habilitada,Quito,Peaje Oyacoto
755,BFF-1979,2022-01-14 07:50:30,Habilitada,Manta,Peaje Manta-Rocafuerte
756,GTZ-5694,2025-01-29 13:57:39,Habilitada,Quito,Peaje Oyacoto
757,LNW-2600,2020-12-20 08:03:05,Habilitada,Manta,Peaje Manta-Rocafuerte
758,BKA-8082,2023-05-05 02:00:29,Habilitada,Cuenca,Peaje Chaquilcay
759,GHU-0808,2022-12-18 03:42:35,Habilitada,Quito,Peaje Oyacoto
760,HOG-9713,2022-01-21 13:39:38,Habilitada,Machala,Peaje El Garrido
761,BJN-4014,2022-07-09 11:02:00,Habilitada,Riobamba,Peaje San Juan
762,ABU-1937,2025-03-05 17:53:53,Habilitada,Santo Domingo,Peaje Santo Domingo
763,JNQ-4494,2024-03-23 22:06:16,Habilitada,Machala,Peaje El Garrido
764,XDB-0508,2022-01-24 06:25:00,Habilitada,Quito,Peaje Rumiñahui
765,UVF-0444,2020-03-07 01:37:34,Habilitada,Quito,Peaje Oyacoto
766,LJR-6174,2020-04-04 11:07:03,Habilitada,Guayaquil,Peaje Chivería
767,GXP-4318,2024-03-18 09:41:46,Habilitada,Quito,Peaje Oyacoto
768,UEB-6779,2024-05-15 15:56:32,Habilitada,Ambato,Peaje San Andrés
769,MNX-2504,2023-08-01 21:30:18,Habilitada,Santo Domingo,Peaje Santo Domingo
770,HCV-9577,2023-06-04 09:45:57,Habilitada,Quito,Peaje Rumiñahui
771,XLD-6178,2021-05-25 14:52:22,Habilitada,Riobamba,Peaje San Juan
772,GYC-9563,2023-07-19 21:26:46,Habilitada,Guayaquil,Peaje Chivería
773,HIK-8631,2022-05-06 22:05:01,Habilitada,Quito,Peaje Rumiñahui
774,JUT-3499,2020-05-07 17:54:30,Habilitada,Quito,Peaje Rumiñahui
775,BKS-1863,2020-02-20 05:12:11,Habilitada,Quito,Peaje Oyacoto
776,PSJ-5635,2022-12-27 09:09:46,Habilitada,Guayaquil,Peaje Yaguachi
777,UYF-3936,2025-12-19 01:49:13,Habilitada,Guayaquil,Peaje Chivería
778,MGV-9893,2020-07-15 07:06:19,Habilitada,Quito,Peaje Oyacoto
779,BFI-0112,2023-10-23 14:14:33,Habilitada,Manta,Peaje Manta-Rocafuerte
780,EIG-8588,2023-11-01 13:58:09,Habilitada,Machala,Peaje El Garrido
781,TGQ-9085,2024-01-31 10:34:36,Habilitada,Guayaquil,Peaje Yaguachi
782,BJN-4014,2024-04-03 02:32:19,Habilitada,Guayaquil,Peaje Chivería
783,UOH-0772,2025-03-28 21:43:09,Suspendida,Machala,Peaje El Garrido
784,MNX-2504,2022-03-09 22:24:24,Habilitada,Quito,Peaje Oyacoto
785,TOW-5091,2020-11-13 09:09:20,Habilitada,Quito,Peaje Oyacoto
786,GXP-4318,2020-04-02 10:35:54,Habilitada,Ambato,Peaje San Andrés
787,JQP-9057,2025-03-03 17:24:06,Habilitada,Cuenca,Peaje Chaquilcay
788,XQF-8103,2022-06-30 19:53:21,Habilitada,Machala,Peaje El Garrido
789,PZN-0587,2020-06-09 02:48:37,Habilitada,Riobamba,Peaje San Juan
790,GCT-9334,2024-05-23 08:38:43,Habilitada,Ambato,Peaje San Andrés
791,HES-4448,2021-11-13 02:38:29,Habilitada,Manta,Peaje Manta-Rocafuerte
792,XAV-9945,2020-06-13 05:35:34,Habilitada,Manta,Peaje Manta-Rocafuerte
793,GYU-2490,2020-10-04 15:49:56,Habilitada,Santo Domingo,Peaje Santo Domingo
794,PTR-5852,2025-05-11 10:56:43,Habilitada,Ambato,Peaje San Andrés
795,AKI-3811,2022-09-29 14:51:57,Habilitada,Guayaquil,Peaje Yaguachi
796,XDB-0508,2025-01-27 21:35:08,Habilitada,Quito,Peaje Rumiñahui
797,GQM-7226,2025-04-30 22:25:18,Habilitada,Guayaquil,Peaje Yaguachi
798,ASG-0822,2021-07-06 05:31:06,Habilitada,Cuenca,Peaje Chaquilcay
799,PLX-2356,2020-08-08 03:50:33,Habilitada,Cuenca,Peaje Chaquilcay
800,ULM-4925,2020-03-31 11:22:36,Habilitada,Riobamba,Peaje San Juan
801,GER-8160,2024-06-27 05:57:54,Habilitada,Ambato,Peaje San Andrés
802,XCG-8839,2023-06-10 22:26:45,Habilitada,Quito,Peaje Rumiñahui
803,TZD-3117,2023-01-21 03:48:43,Habilitada,Santo Domingo,Peaje Santo Domingo
804,EXD-4775,2023-06-22 13:07:45,Habilitada,Guayaquil,Peaje Chivería
805,HXM-9267,2025-06-22 14:50:08,Habilitada,Guayaquil,Peaje Yaguachi
806,ALV-7144,2020-06-27 14:16:54,Habilitada,Quito,Peaje Oyacoto
807,EQL-8874,2024-07-30 23:59:11,Habilitada,Santo Domingo,Peaje Santo Domingo
808,HTY-5322,2020-06-28 20:45:23,Habilitada,Machala,Peaje El Garrido
809,BAM-3074,2024-07-27 01:34:39,Suspendida,Riobamba,Peaje San Juan
810,GSO-4042,2023-12-02 06:24:05,Habilitada,Cuenca,Peaje Chaquilcay
811,JKJ-9313,2025-02-17 23:04:52,Habilitada,Quito,Peaje Oyacoto
812,XOP-6230,2022-02-12 06:20:30,Habilitada,Quito,Peaje Rumiñahui
813,XDO-4185,2024-04-07 09:28:05,Habilitada,Riobamba,Peaje San Juan
814,XAB-7414,2023-08-14 17:01:38,Habilitada,Manta,Peaje Manta-Rocafuerte
815,MTJ-8371,2022-10-07 22:59:50,Habilitada,Quito,Peaje Oyacoto
816,CSH-7143,2020-02-25 04:28:34,Habilitada,Guayaquil,Peaje Yaguachi
817,CJJ-7630,2023-03-16 19:34:12,Habilitada,Manta,Peaje Manta-Rocafuerte
818,LTR-5016,2022-12-19 18:53:54,Habilitada,Cuenca,Peaje Chaquilcay
819,IKA-1321,2022-07-13 11:37:04,Habilitada,Guayaquil,Peaje Yaguachi
820,IKM-8564,2021-07-13 15:59:34,Habilitada,Quito,Peaje Oyacoto
821,EDY-0005,2024-04-29 09:01:35,Habilitada,Guayaquil,Peaje Chivería
822,JKJ-9313,2025-08-30 22:14:54,Habilitada,Guayaquil,Peaje Yaguachi
823,MZS-3119,2024-06-01 15:40:16,Habilitada,Quito,Peaje Oyacoto
824,LOT-6465,2022-03-19 15:05:03,Habilitada,Cuenca,Peaje Chaquilcay
825,HTT-5345,2020-12-09 20:26:25,Habilitada,Machala,Peaje El Garrido
826,MOY-5970,2020-08-09 13:24:48,Habilitada,Quito,Peaje Oyacoto
827,GZZ-2154,2023-05-31 16:37:25,Habilitada,Riobamba,Peaje San Juan
828,CIP-0605,2024-12-07 17:13:55,Habilitada,Machala,Peaje El Garrido
829,JZN-4445,2020-02-02 15:53:06,Habilitada,Cuenca,Peaje Chaquilcay
830,CSA-8720,2020-02-20 05:48:43,Habilitada,Cuenca,Peaje Chaquilcay
831,MBS-8346,2024-06-22 08:07:03,Habilitada,Ambato,Peaje San Andrés
832,UTO-4622,2025-01-15 10:36:33,Habilitada,Guayaquil,Peaje Chivería
833,PLX-2356,2020-09-22 21:33:43,Habilitada,Machala,Peaje El Garrido
834,HYM-0723,2025-06-29 06:14:29,Habilitada,Santo Domingo,Peaje Santo Domingo
835,AMO-0622,2021-05-17 02:08:59,Habilitada,Quito,Peaje Rumiñahui
836,PDA-4196,2024-04-28 15:33:02,Habilitada,Quito,Peaje Oyacoto
837,LFN-4475,2021-03-02 11:03:17,Habilitada,Quito,Peaje Oyacoto
838,PTM-2421,2022-09-15 08:22:20,Habilitada,Ambato,Peaje San Andrés
839,EDU-6791,2023-07-21 07:06:38,Habilitada,Ambato,Peaje San Andrés
840,CMV-0905,2023-06-08 03:51:26,Habilitada,Ambato,Peaje San Andrés
841,LUV-1381,2023-02-21 17:37:48,Habilitada,Manta,Peaje Manta-Rocafuerte
842,UIY-9658,2021-12-29 17:58:42,Habilitada,Quito,Peaje Oyacoto
843,IED-8177,2024-01-31 12:51:24,Habilitada,Manta,Peaje Manta-Rocafuerte
844,USL-6361,2022-01-27 05:38:20,Habilitada,Machala,Peaje El Garrido
845,MRL-7946,2024-11-25 09:11:43,Habilitada,Santo Domingo,Peaje Santo Domingo
846,TAX-2278,2020-12-06 18:48:40,Habilitada,Riobamba,Peaje San Juan
847,IOM-5867,2020-02-28 07:09:22,Habilitada,Guayaquil,Peaje Chivería
848,EDO-6854,2024-07-19 01:54:24,Habilitada,Riobamba,Peaje San Juan
849,JAK-7897,2020-03-19 04:13:13,Habilitada,Santo Domingo,Peaje Santo Domingo
850,HQI-8869,2021-07-16 10:16:09,Habilitada,Manta,Peaje Manta-Rocafuerte
851,XLB-2794,2020-11-13 05:23:06,Habilitada,Riobamba,Peaje San Juan
852,JEH-6662,2021-05-25 13:06:54,Habilitada,Manta,Peaje Manta-Rocafuerte
853,IGL-4725,2020-05-07 22:59:11,Habilitada,Manta,Peaje Manta-Rocafuerte
854,TOW-5091,2021-06-02 05:48:59,Bloqueada,Quito,Peaje Oyacoto
855,UDK-6264,2024-01-15 14:22:05,Habilitada,Guayaquil,Peaje Yaguachi
856,EAW-7971,2023-06-21 12:05:01,Habilitada,Guayaquil,Peaje Chivería
857,MJJ-8377,2025-07-25 16:34:40,Habilitada,Guayaquil,Peaje Yaguachi
858,HES-4448,2020-12-21 20:28:11,Habilitada,Manta,Peaje Manta-Rocafuerte
859,EZN-2821,2025-11-08 07:40:12,Habilitada,Riobamba,Peaje San Juan
860,MGV-9893,2020-01-07 15:55:06,Habilitada,Guayaquil,Peaje Chivería
861,HTT-5345,2025-06-07 12:49:22,Habilitada,Santo Domingo,Peaje Santo Domingo
862,GTZ-5694,2023-09-06 20:28:13,Habilitada,Riobamba,Peaje San Juan
863,AYN-1038,2022-08-27 21:54:03,Habilitada,Santo Domingo,Peaje Santo Domingo
864,BJQ-8282,2022-06-16 04:32:31,Habilitada,Quito,Peaje Rumiñahui
865,AFT-2257,2025-06-21 08:49:59,Habilitada,Manta,Peaje Manta-Rocafuerte
866,HMG-2305,2023-11-06 08:07:54,Habilitada,Guayaquil,Peaje Yaguachi
867,MAJ-2786,2024-12-06 15:01:38,Bloqueada,Guayaquil,Peaje Yaguachi
868,UQM-6701,2022-09-29 00:33:56,Habilitada,Cuenca,Peaje Chaquilcay
869,MWL-2437,2021-08-16 13:05:12,Habilitada,Quito,Peaje Oyacoto
870,BKS-1863,2023-07-14 08:51:05,Habilitada,Riobamba,Peaje San Juan
871,PDA-4196,2021-10-14 19:15:58,Habilitada,Riobamba,Peaje San Juan
872,CBB-1575,2020-12-08 13:26:16,Habilitada,Machala,Peaje El Garrido
873,BYP-5129,2025-07-30 09:28:18,Habilitada,Ambato,Peaje San Andrés
874,ALV-7144,2024-12-01 01:23:50,Habilitada,Manta,Peaje Manta-Rocafuerte
875,EJY-6023,2022-07-03 23:06:04,Habilitada,Guayaquil,Peaje Chivería
876,IJD-7540,2024-10-06 02:32:12,Suspendida,Riobamba,Peaje San Juan
877,HES-4448,2025-11-30 22:51:06,Habilitada,Quito,Peaje Oyacoto
878,BBR-4575,2025-05-30 23:55:10,Bloqueada,Guayaquil,Peaje Chivería
879,TBW-0786,2022-04-12 13:43:43,Habilitada,Machala,Peaje El Garrido
880,PRS-7049,2025-08-04 10:14:20,Suspendida,Cuenca,Peaje Chaquilcay
881,XOM-5573,2022-12-14 21:27:10,Habilitada,Guayaquil,Peaje Yaguachi
882,GTZ-5694,2024-05-07 13:05:02,Habilitada,Manta,Peaje Manta-Rocafuerte
883,GFD-4464,2023-10-01 22:39:42,Habilitada,Riobamba,Peaje San Juan
884,JMV-8463,2021-01-18 23:01:07,Habilitada,Guayaquil,Peaje Chivería
885,CML-4700,2023-09-27 23:21:08,Habilitada,Guayaquil,Peaje Chivería
886,MBE-7199,2022-06-13 17:38:05,Habilitada,Guayaquil,Peaje Chivería
887,BSX-4199,2023-10-03 12:46:53,Habilitada,Guayaquil,Peaje Chivería
888,UGJ-4736,2024-05-15 21:44:39,Habilitada,Guayaquil,Peaje Chivería
889,GWT-3810,2022-10-12 21:41:02,Habilitada,Cuenca,Peaje Chaquilcay
890,MKI-0699,2025-08-25 15:14:56,Habilitada,Quito,Peaje Rumiñahui
891,TTV-3152,2024-02-27 16:00:31,Habilitada,Cuenca,Peaje Chaquilcay
892,PWG-3794,2023-07-25 06:08:15,Habilitada,Guayaquil,Peaje Chivería
893,PLL-1341,2024-09-18 16:24:51,Habilitada,Riobamba,Peaje San Juan
894,UGH-0523,2024-10-06 03:15:51,Habilitada,Machala,Peaje El Garrido
895,IOM-5867,2025-06-13 08:16:19,Habilitada,Quito,Peaje Rumiñahui
896,GRC-5262,2022-02-23 20:29:07,Habilitada,Cuenca,Peaje Chaquilcay
897,JHT-5790,2024-07-08 23:51:44,Habilitada,Manta,Peaje Manta-Rocafuerte
898,BFU-6695,2025-07-26 00:50:37,Habilitada,Quito,Peaje Oyacoto
899,CCC-5907,2020-04-02 13:50:47,Habilitada,Ambato,Peaje San Andrés
900,XBX-4009,2021-11-07 23:04:23,Habilitada,Ambato,Peaje San Andrés
901,USX-7340,2023-04-06 18:38:50,Habilitada,Manta,Peaje Manta-Rocafuerte
902,XZD-9856,2023-07-14 04:06:30,Habilitada,Ambato,Peaje San Andrés
903,TYH-5864,2025-06-23 03:20:37,Habilitada,Riobamba,Peaje San Juan
904,JDL-7557,2021-12-23 20:00:17,Habilitada,Guayaquil,Peaje Yaguachi
905,LDO-0237,2022-01-29 00:53:56,Habilitada,Guayaquil,Peaje Yaguachi
906,TAZ-2976,2022-07-09 03:05:43,Habilitada,Guayaquil,Peaje Yaguachi
907,XZD-9856,2021-06-05 13:18:34,Habilitada,Machala,Peaje El Garrido
908,JNQ-4494,2021-08-31 22:27:22,Habilitada,Ambato,Peaje San Andrés
909,LTR-5016,2022-07-02 12:52:54,Habilitada,Cuenca,Peaje Chaquilcay
910,MQJ-9000,2023-09-04 17:52:50,Habilitada,Guayaquil,Peaje Chivería
911,UAE-5580,2025-07-12 12:59:49,Habilitada,Machala,Peaje El Garrido
912,MGH-4599,2023-03-18 11:10:32,Habilitada,Ambato,Peaje San Andrés
913,PDZ-8583,2023-11-20 10:17:59,Suspendida,Riobamba,Peaje San Juan
914,TNC-0089,2020-05-10 07:16:53,Habilitada,Cuenca,Peaje Chaquilcay
915,MNX-2504,2022-06-25 21:01:14,Suspendida,Santo Domingo,Peaje Santo Domingo
916,TFZ-1652,2024-11-01 16:22:17,Habilitada,Ambato,Peaje San Andrés
917,UQM-6701,2021-07-23 06:59:48,Habilitada,Machala,Peaje El Garrido
918,TOU-1260,2020-04-03 22:23:17,Habilitada,Santo Domingo,Peaje Santo Domingo
919,XYH-4401,2021-11-02 04:50:05,Habilitada,Quito,Peaje Rumiñahui
920,UDK-6264,2023-10-15 00:15:18,Habilitada,Guayaquil,Peaje Yaguachi
921,AIQ-0026,2020-04-29 14:02:51,Habilitada,Guayaquil,Peaje Chivería
922,IYA-7482,2025-11-08 01:41:26,Habilitada,Machala,Peaje El Garrido
923,MCR-0882,2025-03-23 07:32:21,Suspendida,Cuenca,Peaje Chaquilcay
924,TFB-5628,2022-02-11 06:01:18,Habilitada,Quito,Peaje Oyacoto
925,JKB-0072,2022-03-30 03:02:16,Habilitada,Guayaquil,Peaje Chivería
926,IMH-0552,2021-04-27 05:50:57,Habilitada,Quito,Peaje Oyacoto
927,GTZ-5694,2024-07-13 16:46:05,Habilitada,Guayaquil,Peaje Chivería
928,UEB-6779,2024-12-18 11:44:21,Habilitada,Guayaquil,Peaje Chivería
929,TGC-7010,2020-08-24 21:11:39,Habilitada,Santo Domingo,Peaje Santo Domingo
930,EVL-6094,2020-11-20 02:01:58,Habilitada,Guayaquil,Peaje Chivería
931,MJJ-8377,2023-05-21 07:08:03,Habilitada,Santo Domingo,Peaje Santo Domingo
932,PSO-1470,2024-05-03 15:41:15,Habilitada,Machala,Peaje El Garrido
933,HOB-6331,2024-08-02 10:38:27,Habilitada,Riobamba,Peaje San Juan
934,HXN-1387,2022-10-23 22:02:19,Habilitada,Quito,Peaje Oyacoto
935,BMM-0936,2024-08-22 02:02:09,Habilitada,Guayaquil,Peaje Chivería
936,BUL-4236,2020-05-25 02:52:26,Habilitada,Quito,Peaje Oyacoto
937,JHT-5790,2022-07-27 12:34:10,Habilitada,Ambato,Peaje San Andrés
938,IAB-6340,2022-09-03 17:09:39,Habilitada,Cuenca,Peaje Chaquilcay
939,JLG-1680,2023-09-01 02:34:30,Habilitada,Machala,Peaje El Garrido
940,GYI-5228,2025-03-14 07:02:52,Habilitada,Manta,Peaje Manta-Rocafuerte
941,LBZ-8724,2021-06-29 08:09:11,Habilitada,Ambato,Peaje San Andrés
942,MAJ-2786,2020-09-14 00:44:34,Habilitada,Santo Domingo,Peaje Santo Domingo
943,GSJ-3780,2020-01-30 18:43:32,Habilitada,Ambato,Peaje San Andrés
944,HEA-4829,2022-04-25 17:27:57,Habilitada,Ambato,Peaje San Andrés
945,LSA-1927,2023-05-03 12:05:19,Habilitada,Machala,Peaje El Garrido
946,GFD-4464,2025-07-04 17:41:57,Suspendida,Guayaquil,Peaje Yaguachi
947,IVL-7701,2023-08-21 15:53:31,Habilitada,Guayaquil,Peaje Chivería
948,GCK-7884,2024-05-05 06:31:51,Habilitada,Santo Domingo,Peaje Santo Domingo
949,LTR-5016,2025-11-01 16:18:54,Habilitada,Santo Domingo,Peaje Santo Domingo
950,AQT-2767,2025-06-20 16:38:48,Habilitada,Riobamba,Peaje San Juan
951,IAB-6340,2023-12-22 07:36:24,Bloqueada,Ambato,Peaje San Andrés
952,EUZ-3905,2025-02-12 09:19:21,Habilitada,Quito,Peaje Oyacoto
953,GEP-0076,2025-05-22 20:00:34,Habilitada,Guayaquil,Peaje Yaguachi
954,XCG-8839,2023-01-01 08:15:06,Habilitada,Quito,Peaje Oyacoto
955,ESX-4761,2025-10-08 09:50:27,Habilitada,Guayaquil,Peaje Chivería
956,MGF-3884,2024-01-25 20:54:43,Habilitada,Guayaquil,Peaje Chivería
957,EVW-4096,2020-09-24 03:24:53,Habilitada,Guayaquil,Peaje Chivería
958,IED-8177,2022-08-15 05:54:04,Habilitada,Quito,Peaje Oyacoto
959,TGE-8533,2021-09-25 12:10:25,Habilitada,Riobamba,Peaje San Juan
960,UEY-1184,2022-08-09 10:03:53,Habilitada,Machala,Peaje El Garrido
961,UUH-6879,2021-08-05 16:13:25,Habilitada,Ambato,Peaje San Andrés
962,GZZ-2154,2022-09-23 12:43:29,Habilitada,Machala,Peaje El Garrido
963,CKY-0419,2021-11-16 18:23:44,Habilitada,Cuenca,Peaje Chaquilcay
964,AYN-1038,2022-06-16 12:01:57,Habilitada,Ambato,Peaje San Andrés
965,LRL-8441,2020-07-10 07:03:03,Habilitada,Guayaquil,Peaje Yaguachi
966,TJI-6687,2025-12-20 13:07:15,Habilitada,Cuenca,Peaje Chaquilcay
967,AOU-1777,2023-10-20 05:58:58,Habilitada,Quito,Peaje Oyacoto
968,CHU-8015,2020-02-18 06:31:08,Habilitada,Guayaquil,Peaje Chivería
969,IOM-5867,2021-03-29 21:05:38,Habilitada,Riobamba,Peaje San Juan
970,EUF-4914,2021-07-26 09:09:01,Suspendida,Cuenca,Peaje Chaquilcay
971,PTM-2421,2021-06-10 20:47:44,Habilitada,Machala,Peaje El Garrido
972,BXF-7695,2023-11-20 20:19:03,Bloqueada,Santo Domingo,Peaje Santo Domingo
973,ECZ-7917,2020-09-28 14:24:20,Habilitada,Manta,Peaje Manta-Rocafuerte
974,GYU-2490,2025-02-10 19:50:55,Habilitada,Cuenca,Peaje Chaquilcay
975,TGM-2865,2025-04-19 01:43:00,Habilitada,Guayaquil,Peaje Yaguachi
976,GIM-3042,2023-02-13 20:40:57,Habilitada,Guayaquil,Peaje Yaguachi
977,PKK-8157,2023-04-23 11:32:47,Habilitada,Machala,Peaje El Garrido
978,ELD-8976,2021-02-22 21:17:13,Habilitada,Ambato,Peaje San Andrés
979,LJB-5607,2024-07-01 01:45:49,Habilitada,Machala,Peaje El Garrido
980,PAP-1971,2024-10-13 06:33:59,Habilitada,Guayaquil,Peaje Chivería
981,EGD-5571,2021-11-09 02:35:37,Habilitada,Guayaquil,Peaje Chivería
982,LCV-7264,2020-08-26 13:33:30,Habilitada,Guayaquil,Peaje Yaguachi
983,PYX-8485,2020-07-21 13:35:57,Habilitada,Santo Domingo,Peaje Santo Domingo
984,BUL-4236,2021-05-15 06:27:47,Habilitada,Machala,Peaje El Garrido
985,JJD-2294,2025-03-31 00:34:26,Habilitada,Ambato,Peaje San Andrés
986,EVW-4096,2025-04-05 02:12:22,Habilitada,Machala,Peaje El Garrido
987,BAM-3074,2024-12-19 17:20:35,Bloqueada,Machala,Peaje El Garrido
988,TOW-5091,2020-05-24 09:33:59,Habilitada,Cuenca,Peaje Chaquilcay
989,CHI-8863,2024-02-18 23:02:48,Habilitada,Santo Domingo,Peaje Santo Domingo
990,JAK-7897,2025-07-18 17:51:20,Habilitada,Cuenca,Peaje Chaquilcay
991,IZH-4710,2022-10-20 13:56:50,Habilitada,Ambato,Peaje San Andrés
992,TAP-3827,2024-07-31 16:22:38,Habilitada,Quito,Peaje Rumiñahui
993,GCS-8764,2022-05-07 13:26:09,Habilitada,Ambato,Peaje San Andrés
994,TBW-0786,2025-06-22 16:03:10,Bloqueada,Guayaquil,Peaje Chivería
995,INK-0977,2024-04-16 05:17:29,Habilitada,Santo Domingo,Peaje Santo Domingo
996,XHK-7436,2020-09-10 22:57:11,Habilitada,Guayaquil,Peaje Yaguachi
997,GPN-8124,2024-07-12 01:22:34,Habilitada,Cuenca,Peaje Chaquilcay
998,AQT-2767,2024-11-26 16:48:14,Habilitada,Machala,Peaje El Garrido
999,JMR-4503,2022-07-22 23:13:36,Habilitada,Manta,Peaje Manta-Rocafuerte
1000,PZR-2483,2021-03-17 03:59:13,Habilitada,Guayaquil,Peaje Chivería
